number,content
1778,
1509,"
ㅇ "
305,"
쓸일이 있겠냐만은 만들어둠  "
1508,"
ㅇㅇ "
777,"
1회적발시 1시간 2회적발시 2시간 형벌이 누적 되오니 이점 참고바랍니다 꼬우면 쓰지마십쇼 ㅎ  "
304,"
과도한 비판이나 예민한 주제의 글은 지양해주십쇼  과몰입씨게 해서 오신분은 차단으로  과몰입을 풀어드립니다  ^^ 현실을 사십쇼 유사과학에 용쓰지 마시고..ㅎ ㅈ목이 있을만한 리젠도 안되지만 관련글은 무통보 삭제입니당  닉언 당연히 안됨  자주 오기나 하십쇼  말머리는 맘대루 쓰시고  어차피 리젠도 없어서 제가 심심할때마다 읽고 분류합니다  "
1556,
1555,"
비율이 작아서 가깝게 지내고 싶은가서로 통하는것도 많고 "
1554,"
같이 불행해 진다며 그래서 어떻게든 도와주고 싶어한다고맞아? "
1553,"
너네 존나 사랑스러운거. 유약한 모습도 사랑스러워~ 깔깔깔  "
1552,"
여기는 그딴 거 없이 고요해서 참 좋네요 어느 외딴 섬 휴양지에서 선베드 펴놓고 누워있는 느낌이랄까 "
1551,"
어울리는데 새로운 정보를 얻었다는것에 신기했어 유형 궁예하기엔 엣프피 같았는데 엣프제더라 ㅋㅋㅋㅋ  - dc official App "
1550,"
좋은 아침이야~ 다들 더위 조심하렴자짤은 비록 내가 그린 그림은 아니지만 엣프제 유형을 너무 귀엽게 잘 표현해봤길래 가져와봤어ㅋㅋ출처 : https://m.dcinside.com/board/mbti/88704?recommend=1 "
1547,"
자괴감이라던가 드는 엣프제 있어? "
1546,"
본인 엣프제인데 나는 내가 어렸을때부터 거짓말 안하고 솔직한걸 나도 아는데  세상에서 제일 싫어하는게 나를 몰아가는거랑 예의없는 사람이랑 거짓말치는 사람이에요 내가 안했는데 갑자기 나를 몰아가면 나만 너무 화나고 속상하고 그런데  내가 괜한 과민 반응인건지 싶어서 그냥 살짝만 몰아가도 과민반응이라..  제가 이상한걸까요..? ㅠㅠ  - dc official App "
1545,"
아주 헬스럽군요 "
1543,"
뉴비 ㅇㅇ닉이 생긴 듯 하여 바꾸어 보았네요~!엣프제 갤은 언제나 흥갤을 지향합니다~!더이상의 공동묘지는 싫어욧~!뉴비쟝들 언제나 환영이에요~!댓글 많이 달아줄테니 편히 작성하여요~*^^* "
1542,"
좋다. 앞으로 내가 엣프제갤  물음표 살인마가 되어주겠다!  질문 많이 .... 까지는 어려울 거 같고 가끔씩 질문 좀 올리도록 노력해볼게내 주변에 엣프제 친구가  남자 둘 여자 하나 이렇게 셋 정도 되는데엣프제 친구들 덕분에 정말 쉬는 날에도 알차게 보내고 있어.귀여운 에2프런 유형들 넘 좋다!!  "
1539,"
같은 팀에 누군가가 해서는 안되는 행동을 한다고 쳤을 때옆에서 그걸 말리거나 지적 하지 않고 가만히 서있는 건그 잘못된 행동한 사람이랑 같은 의견인거야? 아니면 싫은 소리 못하는 성격 때문인거야?아니면 의리???- dc official App "
1538,"
칭찬 중에서도 특히나 듣기 좋은 말!- dc official App "
1537,"
mbti 검사 여태 10번은 넘게햇고 진짜 솔직하게하려고 노력햇는데단 1번도 esfj 에서 벗어나본적없음 .. 참고로남자20대 초까지는 만나는 친구들 여럿있었고 술자리도 꽤자주하고 그랫음근데 불알친구라고 여겻던 애들한테 언젠가부터 느낀게만나는 친구들이 다 소심한유형?이다보니 (mbti는 모름) 맨날 내가 약속주도하고 만나고 주도하고 만나고나만 관계를 위해서 애쓰는 느낌이라 걍 연락끊고 지내봤더니 아무한테도 연락안오더라 안부도 안묻고 ㅋㅋㅋ ㄹㅇ 신기할정도로 없는사람됫음카톡방마저 원래 내가 떡밥 주도하는 타입이엿는데 내가 카톡안하니까 걍 죽은방됨 또 다른친구 그룹들도 약간 비슷한 느낌으로 카톡죽은방되고 애들하고 정기적으로 만나던 모임도 안하게되고 ...esfj 지만 진짜 가까운 친구들하고만 친하게 지내서 인간관계자체는 넓진않아서그룹몇개정도 연락끊으니까 주위에 친구가 1도없더라어떻게보면 내가 아무이유도없이 친구들을 손절한걸로 보일순있지만 웃긴게 2년동안 뭐하냐고 지내냐는 연락도 개인적으로 하나도안온다 그냥 내가 성격이 별로안좋아서 그런걸까 집에서 은둔생활한다고해서 딱히 성격바뀐건없고 esfj 그대로긴함 ㅋ "
1536,"
디시 망령 등장 우우우 엣프제갤 주딱 자리 내가 먹을거니까 긴장하쇼  "
1535,"
얼마전에여자친구랑 헤어지고 어떡해야하냐고 글쓴앤데,몇시간전에 여자친구가 찾아왔음. 제대로 얘기하고 헤어지고싶다고사실 여자친구가 우울증이있음... 항우울제도 먹고 그러는데헤어진이유가 내가 얘를 별로 안좋아한다고 느꼈나봐 . 애정을 계속 갈구했음근데 난 진짜 좋아했거든 노력도 진짜많이했어..10을 잘해도 1하나를 실수하면 이거가지고 계속뭐라하고 넌 날 안좋아한다..그랬었음얘는 우울증때문에 계속 애정을갈구하고...또 자기입장에서 친구들한테 하소연하니친구들은 그래 니 남자친구는 너 많이안좋아하는같다 헤어져라 이러고 얘는 계속 악순환적으로 생각하고.나는 그 모습들에 계속 지쳐가고 결국 헤어졌음헤어지는 순간까지도 얘는 내가 지를 별로 안좋아한다고 생각하는거같더라나는 나 지친거 둘째치고.이 점이 너무 힘들었음.얘가 자꾸 저 생각때문에 스스로 자괴감들어하고 내가 그렇게못났나, 상처받아했거든아무리 좋아한다 좋아한다해도 저러니 난 그게 너무 힘들었는데마지막이되니 내가 눈물이 엄청나더라 정말 너를 좋아했는데 못알아주는게 난 너무 속상하고 힘들다 그래서 이젠 서로 안힘들고싶다근데 정말 좋아해서 너무 슬프다 이렇게 정말 걔 앞에서 많이울었거든그제서야 얘는 내 진심을 좀 아는거같더라내가 진심이였던게 느껴지고, 자기가 많이 미안하다더라자기가 자존감이 많이 떨어진상태인게 문제였다고이렇게 헤어졌는데 나도 많이 슬프지만 그래도 좀 낫다얘는 이제 자괴감도 덜느낄거고 적어도 저런 오해로 상처안받을거 생각하니 내 마음이 진짜 훨씬 낫다쟤가 나때문에 상처받으면서 울거 생각하면 그게 너무 가슴아파서 눈물이나왔는데 이제 좀 속이후련하다 후...진짜 남의 눈에 눈물흘리게 하면서는 못살겠다차라리 내가 힘든게 훨씬 낫다어디 하소연할곳이 없어서 하소연해봤다... "
1534,"
? "
1533,"
난 사바산데 잘맞는애도 있는데 아닌애듷은 진짜 존나 안맞음 눈치를 왤케쳐보는거임 ㅆㅂ개피곤해- dc official App "
1531,"
찐 엣프제면 이딴데서 안놀고 친구들이랑 놀고있음 ㄹㅇㅋㅋ "
1530,"
동창인 엣프제 친구가 요즘 쉬는 날 되면 번개로 카페탐방이나 드라이브 다녀오자고 자주 제안을 많이 하는 편인데 덕분에 진짜 즐거운 시간 보내고 오고 있어ㅋㅋ여기 엣프제들도 뭐 답답하거나 심심하면즉흥적으로 어디가자~ 는 식으로 제안도 많이 하는 편이야?? "
1529,"
엣프제한테 뚝배기 맞은 애들 얘기 들어보면 죄다 뒷담, 모함 당했대  "
1527,"
내 mbti인 엣프제 설명보면 친구들 만나라는데술싫어해서 술친구 없고,그냥 친구들은바쁘거나 ,지금 내가 공부중,전여친이 나 여사친 있는거싫어했어서지금은 인간관계들이 많이 끊긴상태야애초에 만날 여사친있었어도 바로 여자사람이랑히히덕거리는건 전여친한테 배려가아닌거같아서 그러고 싶지도않고..자주 자취방 놀러가는 친한애는 하필 나 헤어지고 여자친구생겨서ㅋㅋㅋ..눈치껏 방해하기싫어서 조용히 뒤로 물러나는중ㅎ뭐 만날애가없네난 지금 독서실 총무인데공부가 손에안잡히니 시간도안가고 힘드네...ㅎㅎ궁금해할까봐 적자면 전여친은 infp엿어그냥 힘듦을 정면으로 겪어야하는걸까 "
1526,"
esfj 남자친구 CC로 만났다 헤어진지 얼마안됐는데남자친구 헤어지자마자 뒤에서 ㅈㄴ 뭐라고 말하고 다닌거 같더라헤어진거 esfj 여사친한테 여지준거 때문에 헤어진거거든?? 근데 난 내얼굴에 침뱉기 같아서 누가물어보면 잘 안맞았어~ 많이 힘들었을거야. 지나고 나니 그냥 내가 다 미안하지. 라고 말했는데집에와 생각해보니 ㅈㄴ 화나고 억울하다. 그냥 시간이 해결해준다고 생각하고 난 마이웨이하면 되는건가?? esfj 주변인들은 esfj가 뒷담하고 다닐때 그냥 다 믿는건가??  "
1524,"
존나 단아하네 "
1523,"
말하는것마다하나도재미가없어요ㅠㅠㅠㅠㅠㅠㅠㅠㅠㅠㅠㅠㅠㅠㅠㅠㅠㅠㅠㅠㅠㅠㅠㅠ어떡하죠(질문임)  "
1521,"
- dc official App "
1520,"
이전에 저장해뒀던 짤들인데 마침 엣프제갤에 일러 갤플(?)이 돌아 올려봅니다~마지막 두개는 서-비스 ^^7- dc official App "
1519,"
'그 착장'이 잘 어울리는 따스한 아재 모습이네요~! "
1518,"
넵  "
1517,"
E    E    EE   나   EE   E    E이 포지션으로 있었는데어지러워 뒤질 뻔함어떻게 쉴새없이 떠들 수가 있지? "
1516,"
안녕 기여미들 ㅋ "
1514,"
며칠전에 esfj 소개받은 infj야엣프제 여자분은 처음 만나보는데 활발하면서 다정하고 말 예쁘게 하는 모습이 너무 좋넹어제 서울에 무지개뜬거 사진찍어 보내줬더니일하느라 못봤었는데 오빠덕분에 무지개봤다고 고맙다고 하더라말을 어쩜 저렇게 따뜻하게 하누 "
1513,"
- dc official App "
1512,"
그래도 물어볼 만한 친구도 곳도 없어서 너네한테 물어본다엣프제랑 밥먹고 싶어서 약속 잡으려고 하면 피곤하다고 10번 중에 9번 거절당하는데 이제 그만할까 "
1511,"
잇프피 어때? 궁합 잘 맞는거같아? 원래 잇프피랑 엣프제가 궁합 잘 맞는다고 하잖아. 나 지금 엣프제 친구 있는데 완전 짱친!! 이건 아닌데 그나마 제일 친한 편인거같거든. 엣프제들이 보기에 잇프피는 어떤 이미지인지? 잘 어울리는지? 궁금해! ㅎㅎ "
1507,"
그리고 추가로 16TEST 8기능 1 8기능 2 16Personalities 정식 검사  "
1504,"
- dc official App "
1503,"
그거 지워지면 안되는데... "
1501,"
상황때문에 헤어졌어장거리..같은거ㅜㅜ esfj는 친구들 만나고 금방 회복하겠지?난 계속 발악중인데... 아 넘우울해 어떡해 ㅜ "
1500,"
엣프제가 멘탈 약하다는 건 개구라같고잇팁이 멘탈 강하다는 것도 개구라같음. "
1498,"
궁금해서요 ㅋㅋ "
1494,"
여긴 언제 와도 으스스하군요... 언제 어디서 갑자기 알몸 에이프런 귀신이 앞치마로 절 납치해갈까봐 겁이 납니다 ㅎㄷㄷ "
1493,"
https://www.youtube.com/watch?v=8ezvjQOSLVg테일러 스위프트가 이 유형이라며? 언론 풍자곡이나 들어랏 from.XXXP_5w6 "
1492,"
메모당하고 싶어서 안올까 생각했는데 나마저 안와주면 진짜 망할까봐ㅋㅋ 선심썼다고  "
1778,
1492,"
메모당하고 싶어서 안올까 생각했는데 나마저 안와주면 진짜 망할까봐ㅋㅋ 선심썼다고  "
1490,"
아직 사귄지 10일째임 ㅠ "
1489,"
한참 좋을 3개월 알콩달콩시기였는데이주전쯤부터 매일 전화랑 문자하던애가뜸하고 내가 문자해도 답장이 시원치않더라고내가 눈치가 엄청빨라서뭔가 낌새가 이상하다고 느끼고는 있었는데갑자기 학교문제로 고민있다고 우리집에와서 의대가면 잘못해줄거같고 내가 아무리 희생하고 해도 자주안보면 자기는 마음이식는다고.. 결과가 너무 뻔하다고 헤어지자고 통보받음 ㅜㅜㅜ일주일동안 생각한거라고 자기도 힘들어하긴하던데어쩜이러냐상담이 아니라 자기혼자 생각하고 판단하고증말 계산적이야 뭐야  "
1488,"
나 괜찮아하는 것 같으면서도또 거리두는 것 같기도 하고내 sns는 꾸준히 보고 좋아요도 눌러주는데실제로 보면 다른 사람들이랑 더 친하게 지내고나한텐 약간 거리두는 느낌?가끔 갑자기 연락오긴 하는데답장하다보면 어느순간 엣프제가 끊음아니면 연락 그만하고 싶은 티를 내거나....뭘까... 갑자기 연락오는 순간들 공통점은 엣프제가 술마시고 있다는거?참고로 난 잇프제임 ㅠ 둘이 비슷하다곤 하는데 난 엣프제 본심 파악하기가 제일 어려운 것 같아 음... 우선 엣프제가 나 싫어하는건 아니지...? "
1487,"
나 인프제인딩~ 아니 나랑 평생친구할 것처럼 말하드니~왜 나한테 관심이 없는겨..?나참~~서운하고 속상해서 더이상 친구 못하것어~~엣프제는 또 왜케 주변에 친구도 많은겨~?주변 친구들은 그렇게 잘 챙기면서 왜 나한티는 눈길 한 번 안 주는겨~~?ㄹㅇ 지금 6년째 친구지만 .. 저한테 넘 관심이 없는게 속상하고 서운할 따름 .. 항상 연락이나 전화 같은것두 제가 먼저하고..그것도 엄청 용기내서 하는데..이제 자존심 상해서 못하겠음..엣프제 여러분들의 조언 부탁..함니다..^^..ㅎ..- dc official App "
1486,"
일단 8기능은 이론에서 제시된 배열 순서로 나온 전형적인 엔프피라서... 딱히 코멘트라고 할 건 없네요 지송... 트라이타입 뽑아보니까 279네요?? 긍정형 그룹에 속하는 번호 3개 다 높으셔서 문제 상황에서 정면으로 돌파하는걸 망설이는 경우가 꽤 있으실거에요 (그 조별과제처럼,,ㅠ) 7번은 본인을 즐겁게 해줄만한 사람이나 이벤트를 놓칠까봐 늘 주변을 주시하는 편이라 현실적이기도 하고 물질적이기도 해요~! (흔히 대가리꽃밭이라 불리는 엔프피는 SX 1차 4w3 or 7w6 SX... 같음...불건강 기준) 하위유형은 SOSP라서 역유형인데, 님은 속한 그룹에서 인정을 받으면서 소속감을 느껴용 근데 왜 역유형이냐면 7은 본인이 계속 뭔갈 하지 않으면 좋은 기회를 놓칠 수 있다고 생각하는데, 사회적 본능이 강한 7은 그룹에 속하고 싶으면서도 그 그룹이 본인의 즐거움을 해칠까봐 두려워하거든요 ​그래서 불안하면 그룹과 개인 사이에서 갈등을 빚기도 해요 ​ 7번의 통합인 5번 입장에선 책임감이라는 단어랑 거리가 먼 사람으로 보일 수 있어요 ㅠㅠ 같이 놀기엔 좋은데 사업 파트너로 삼기엔 좀 가벼운... 느낌 특히 님은 6번 날개라서 은근 소극적이고 티는 안 내도 걱정을 끊임없이 할텐데, 소속감을 느끼긴해도 어디론가 질질 끌려가고 있다는 느낌을 많이 받으실거에요 살짝... 의존적인 모습도 보이네요 확실히 연상이 어울리심ㅎㅎ 그리고 본인의 욕구를 어느정도 억눌렀는데도 사회적으로 본인의 존재를 인정받지 못 하면 많이 침울해하실거구요 그리고 2,4가 동시에 높은걸보니 감정적으로 많이 섬세하시네요ㅎ 우울하면 한없이 우울감을 느낄 수도 있고요 타인에게 호감을 사는 것과 특유의 개성을 드러내는 것 사이에서 고민하실텐데... 결국은 후자를 좀 더 선호하실 것 같음! 진짜 불안한 상황에선 잠수타는데 그것도 얼마 안 가고 금방 나오실 것 같아요ㅋㅋㅋ  그래도 2차가 자본이라서 미래지향적인 삶을 추구하는 모습도 있고 삶을 대하는 태도도 SX들에 비하면  사실 7번 SX 1차인 분들이 피암시성이라고... 약간 특정 현상이나 사람한테 꽂히면 그게 신의 계시인 것 마냥 받아들이는 경우가 있거등요 갠적으로 3차가 SX라서 다행이라고 생각함다ㅎ 궁금한 거 있으면 질문 주십셔... 모를수도 있지만... 그리고 전반적으로 NP에 자주 나오는 조합이네요 ㅎㅎ ​279 ㄹㅇ 엔프피 트라이타입 그자체... ​ ​  "
1485,"
mbti 검사 결과 - 8기능 검사 -해당 결과는 5월초에 나온 결과.오늘 새로 검사받은 8기능 테스트 결과 거의 두 달 만에 받은 검사인데도수치의 변화는 있지만8기능의 순서는 변함이 없어서 신기합니다~- 에니어그램 테스트 -5월 초에 받은 검사 결과오늘 받은 에니어그램 테스트 결과.변함없이 7w6 가 나왔지만, 8기능의 Fi가 줄은 영향인지 2번이 4번을 추월했습니다 :0에니어 하위유형 결과도 자사에서 사자로 바뀌었습니다 :) - dc official App "
1483,"
ㅗㅗㅗㅗㅗ "
1481,"
원래 3,6,9가 공동체 그룹이라서 세 유형끼리 비슷한 부분이 많음. 실제로 트라이타입이 369인 사람이 많아요~!님은 대외적으로 유능하고 신뢰가 가는 사람이 되고자 하는 경향이 있는데, 최근 테스트에서 9번이 뜬걸 고려하면... 완전 워커홀릭 기질이 있다기보다는... 좀 우유부단한 면이 부각될 수도 있음. 그니까 굳이 따지면 광희 같은 스타일은 아닌데.. 남 눈치는 봄 엣프제인데 T향이 좀 나는 엣프제 ㅎ3은 본인이 추구하는 이미지가 사회적으로 잘 먹혀야 안심하고, 6은 불안을 덜고자 속한 그룹에 의존하고자 하는 면이 있고, 9는 본인의 욕구를 억압하고 타인과 융합되고자 하는 면이 있어서... 전반적으로 타인의 시선을 많이 신경 쓰실듯ㅇㅇ SJ 성향이 두드러지는 조합이네요~~ 6w7 기준으로 보면 가족과 공동체로부터 안정감을 많이 얻는 타입이고, 7날개라서 본인이나 바운더리 안 사람들을 즐겁게 하는 일을 쫓는걸 좋아하실듯 ㅇㅇ 사색하는거랑 거리가 멈긍정형 그룹인 2,9,7이 본 유형 or 날개로 뜰만큼 높고 자기보존 본능이 1차라서 본인을 기분 좋게 하는 감정에 계속 머무르려고 함. 문제가 생겼을 때 그 문제에 대해 깊게 파고들며 직접적으로 언급하는 사람들이랑 안 맞을 수 있어요~ 굳이 따지면 4번이나 8번, 6번(특히 6w5) 성향 두드러지는 분들이랑 트러블 생겼을 때 힘들어하실수도 있음얘넨 반응형이라서 트러블 생기면 계속 조잘거림 ㅎㅎ; 님 입장에선 좀 극단적으로 말하네? 그리고 자꾸 좃같은 말 하네? 싶을수도 있어요그리고 갈등이 생겨도 다른 일로 회피하려는 경향이 있음. 심적으로 괴로운걸 해소하려고 게임을 하거나~ 친구를 만나서 털어놓거나~ 잠을 자거나~ 등등등님은 성적 본능이 3차라서 그룹 내에서 마음에 드는 몇 명을 픽하는 것보다는 두루두루 얕게 보는걸 선호할거에요 일대일로 봐도 좀 확 다가오는 사람들은... 님이 외향인걸 고려해도 부담스러워할거고요, 오랜 시간동안 진입장벽을 허물어야 하는 것 같네요???? 사람들한테서 님 얘기 좀 해보라는 말 많이 들으셨을지도 ㅎ대강 생각나는대로 적어봤는데 궁금한 거 있으면 질문주세요근데 너무 전형적인 S+J 조합에서 나오는 유형이라... 쓰다보니 그냥 엣프제 같네요? 넹... "
1477,"
외향형 친구와 잘 맞지 않고 마음 속에서 거리가 두어질 때 어떻게 하나요? 주변 사람에 대한 관심 같은 게 부족한 친구여서 저도 만나면서 무미건조해지는 거 같아요. 분명 그 친구가 나쁜 친구는 아니지만, 내가 쏟는 관심과 정성이 더 크다라는 생각 때문에요.  - dc official App "
1474,"
난 여자구 상대가 엣프제 남자야친해진지 얼마 안됐는데자꾸 막 꼬시는 듯한 말을 넘 많이해...새벽에도 선톡오고 술 마시고도 연락옴내가 좀 조용한 성격이라 이런 성격을 많이 안만나봐서 ㅠ원래 성격이 이런건가 내가 착각하는건가 고민이 많이 되네... "
1473,"
니들의 선택은?   "
1472,"
MBTI갤에 할카스 무한 폭격!!!!!!!MBTI갤 완장이 손 쓸수 없을 정도로!!!!!!!!그리고 나에게 주딱을 달라고 협박하는거지!!!거부하면 계속 폭격!!!!!수락하면 MBTI갤 주딱까지 먹고!!!!그러면 MBTI갤 인원을 소집해서 군대를 만들것이야!!!!!한국 MBTI연구소까지 점령해서 MBTI 공화국을 만들것이야!!!!! MBTI 공화국의 영토는 MBTI 연구소 본사 반경 10km로 정한다!!!!!!!!! 그리고 나는MBTI 공화국의 대통령이 되는거야!!!!! 으하하하하하!!!!! 으하하하하하!!!!!!! 으하하하하하하하하하하하하하하하하하!!!!!!!!!! 으하하하하하하하!!!!나의 쫄따구가 되고 싶은 놈들은 모두 댓글을 달거라!!!!!너희들도 MBTI 공화국의 국무총리, 국방부 장관 등이 될 수 있다!!!!!! "
1471,"
한달정도 연애했는데  엣프제 상대가 나는 꼭 부모님이랑 동생들 행복하게 해줄거다 부모님이 손주 보고싶어하니까 애기 둘 낳을거다 이런말 하는데 이거 쎄한거 정상임? 연애까지만 보는게 낫나ㅋㅋ  "
1470,"
혼자있는거 진짜 싫음  "
1468,"
https://NAVER.me/GfZS2NFL 네이버에서 하는 이벤트라 절대 사기×결제×  한달 무료체험시 5000원 적립  사용처는 배 민 , 요기요 , 기프티콘 쇼핑몰 등등 모두가능  쿠폰중복 가능 즉시 사용가능  주의사항 : 가입후 8일 이전에 해지시 사용한 5천원 취소처리 돼서 그대로 채워넣어야함 안채워넣으면 계정에 불이익줌  그러니 사용후 멤버십이 필요없으면 넉넉히 8일뒤(그동안 돈드는거 절대×) 클릭 몇번으로 해지하면 꽁짜로 5000원 얻는거 ㅇㅇ  원래는5000원적립 이벤트인데 지금 한시적으로 추가 오천원더해서 첫게좌 연결시 만원 적립해주는 중이니 이왕이면 지금하셈  단품해서 꽁으로 쟁여두던가 1100원 더내서  세트로 업글 해서 쟁여둘수있음   "
1467,"
엄마는 잇프제 결과 나왔는데 이모가 엣프제 아님 엣프피같다 여자 엣프제는 예상이 갈거같은데 남자 엣프제는 어떻나!  - dc official App "
1466,"
https://www.youtube.com/watch?v=jbLkolO5K30사람이 호감상ㅋㅋ  "
1465,"
극악무도한 악당이 된다면  - dc official App "
1464,"
내가동경하고있어  "
1463,"
https://www.youtube.com/watch?v=42A-rFdralMhttps://www.youtube.com/watch?v=3ymwOvzhwHsㅇㅇ  "
1462,"
원래 남한테 별 관심없고 생각 없었는데뜬금없는 일 당해서 따지는 와중에어떤 미친년이 지 짜증난다는 이유로 이래라 저래라 하면서 쓸데없는 관심 주더니지 기분 안 맞춰준다고 감쓰질 하길래내가 니 감쓰인 줄 아냐고 하니까 그 년은 아가리 다물고웬 미친놈 하나가 나보고 물고 늘어진다 이지랄이더라시발 그럼 이유없는 일 하나도 물어보지도 말란 말인가더군다나 내가 물고 늘어졌다느니 뻥튀기 해서 매도 당하고 나니까 개빡치네내가 무슨 일을 하거나 말거나 원래 사람들이 기본 패시브가 지가 되는 일 없는 걸 남한테 화풀이 하면서 그걸 무조건 내 탓 하면서 악을 쓰는게 패시브인가 보다너무 안일하게 살았음 앞으로 어떤 사람이 어떤 말을 해도 무조건 악의적으로 해석해야지그래야 저딴 황당한 일을 안 겪지시발 말이야 방구야 굳이 지가 안 와도 되는데 지가 쳐 와서는지가 아파서 짜증나니까 짜증 좀 냈다면서 이래라 저래라 하면서 그러든지 말든지라고?살다살다 별 미친년 다 보겠네 "
1461,"
결혼에 대해서 가장 중요시하는게 뭔지 궁금해 "
1459,"
저번에 여친이 요리해주는데원피스입고 프라이팬 쓰더라고...앞치마 입혀주고싶었음 "
1458,"
우흥~ "
1457,"
마조히즘 성향을 가진 사람이나 굼뜨고 어눌하거나 소위 말하는 약자를 보면 막 뭐 해줘야할 것 같은 기분들고 그럼?통계일 뿐이긴한데 친절한 분들께 가장 호감을 많이 얻은 유형이 인팁이더라구 순둥순둥하고 수동적인 사람 좋아하는건가?집안에서만 처박혀 있고 나름 가성비도 있겠다 거기다가 바람 안필 것 같은 안정성??어디서 매력을 느끼는거야? "
1456,"
??? 나 저딴 거 안 보고 이런 거(아래)만 집중하는데  "
1455,"
응 아니고 누우면 10분 안에 잠 ㅅㄱ  "
1454,"
나야나~ 나야나~내일부턴 진짜 12시에 잘거임 진짜임 "
1453,"
잠은 보통밤 6시간, 낮잠 2시간 이렇게 충족 시켜주는 편입니당 잠은 진짜 너무 잘 자는 편이라 수능 같은 중요시험 전날, 군입대 전날도 꿀잠 잤습니다 ♥ 악몽 꾸는게 아닌 이상 누가 업어가도 모를 정도로 잘 자요.너무 애긔 같지 않나요? 응애 맘마조...죄송합니다...간혹 정말 잠을 충분히 잤음에도 피곤한 날이 있는데,본인 스스로도 잠 자는 시간이 매우 불규칙적이란 걸 알고 있습니다이제는 진짜.... 잠 자는 시간/일어나는 시간을 정해놔야겠네요 "
1449,"
ㅈㄱᆞ  "
1448,"
엔프피 여자친구 오때요?!!  "
1447,"
호감생기는사람이 엣프제오빠라고민중인데엣프제엔프제 괜찮나 나는 꽤 잘 맞는다고 생각중 "
1446,"
원래는 estp esfj 이렇게 친했는데esfj가 estp 남자친구랑 친해졌음 그래서 estp는 esfj가 자기 남자친구를 건드렸다고 다른 사람들 앞에서 esfj랑 싸움.구체적인 일은 모르겠지만 esfj는 두루두루 친해진거지 남의 남친을 뺏으려하지 않았다고 항변함여튼 그 뒤로 esfj랑 estp랑 사이가 안좋아짐. 근데 estp 다른 남자선배 귀 만지작거리면서 장난 치더라..ㅋㅋesfj가 나한테 다가와서 infj랑 셋이서 친해짐esfj 옆에서 봐온 결과 esfj에 비해 esfj 남자친구들이 다 별로였음남자친구들이 딱히 장점은 모르겠고 그냥 사람만 좋았음 esfj가 그런 남자친구들한테 진심으로 잘해줌 하지만 결국 남자친구들의 무능으로 관계가 파탄..결론적으로 esfj는 가장 인간관계에 환멸 나지 않았을까 생각함 "
1445,"
코로나 걱정은 없을거고.... 훈련소 알면 고로시 굿즈 보내고 싶다 막 ☆엣프제갤주딱☆ 이걸로 투명방수스티커 보내서 어디서나 엣프제갤주딱인 걸 알아보게 해주고 싶구.... from.XXXP_5w6 "
1444,"
어벤져스 시리즈 중 가장 어두움액션 ㅅㅌㅊ전개 ㅎㅌㅊ가조쿠 드립 ㅆㅅㅌㅊ나이 20대 후반 이상 먹은 여자들이 가조쿠 징징 이지랄솔직히 설정은 뭐가 뭔지 모르겠더라내가 어벤져스 1을 안 봐서그냥 존나 뚜까패는 거 보고 싶으면 봐도 됨 "
1442,"
그냥 완전 좋지도 싫지도 않은 상대에게 말 거는 건 쉬운데 호감의 상대를 만나는 순간 진짜 깍뚝인형됨 (난 긔여운 인형ㅎ)먼저 다가가지도 못하겠고,가서 무슨 말을 해야할 지 모르겠고, 혹여나 말실수해서 내 이미지 깎일까봐 섣불리 뭘 못하겠음.만약 상대방을 마주칠 일이 많다 싶으면 일단 침착하게 바로 대시하지는 않고 며칠동안 좀 멀리서 지켜보며 관찰을 함 그러면서  아 대충 이러이러한 사람이구나 라는 걸 파악하고 나랑 이런 공통점이 있으니, 대충 이러이러한 대화로 다가가면 되겠구나 하는 나름의 시나리오(망상)를 만듦.대충 이렇게만 해도 성공확률  못해도 70퍼는 보장함.그리고 난 호감있는 상대에게 다가갈 때 절대 다른 누군가의 도움을 받지 않는게 좋은 거 같아.그 사람에 대해 잘 아는 다른 사람들에게 ""내가 ~~~를 좋아하는데 너가 그 애를 좀 알지?""  이렇게 물으면나중에 어떻게서든  그 상대방 귀에 들어갈 수도 있고제대로 된 도움 받는 경우 거의 없음.오히려 방해만 되니 좋아하는 상대가 있다면 혼자서 전략짜는게 최고다  흠흠 "
1441,"
그것도 자주가는 장소에 그러면 젤 먼저 뭐부터 해?뭐라고 말걸어? 사람이 많이 들낙하는 곳이라서 말을 걸어야 날 인지 할수있어ㅜ "
1440,"
주딱님 상환에 맞춰 굴러가는 갤러리지 말입니다 from.XXXP_5w6 "
1439,"
김지훈 과장 불건강 엣프제 그 자체인듯앞에선 성실 착실 깍듯 예의 배려 철철에뒤에선 교묘하게 정치질하고 여자 갈아끼우고 댕기고 뒷담화 오지고뭐 암튼 좋좋소 재밌다구요~ "
1438,"
빡빡 밀린 머리로불 꺼진 내무반 안에서  탱크 끌고 다니는 새끼들 소리 들으며 한치 앞도 보이지 않는 전역날을 바라보며어두운 본인 미래를 생각하고 있는 중.아... 이 격리 기간 끝나면 난 뭐해야되지....? 훈련은 힘들까....?자대배치는 어디로 될까....? 집에 곱게 개어놓고 온 에이프런들은 잘 있을까...? 아 빨리 훈련소 수료하고.. 알몸 에이프런짓 하고 싶다.... ㅠㅠ  "
1437,"
주딱이를 위한 선~물~~~아앙♡ from.XXXP_5w6 "
1436,"
  "
1435,"
재미있어보이네요  "
1434,"
 "
1433,"
친구 / 약속이 많은 엣프제들에게는 더할나위 없이 슬픈 소식.. "
1431,"
무기한 휴업함갤 분위기 정신 사나워서 올릴 타이밍이 아닌 듯 "
1430,"
여니여니♡  "
1427,"
어엌ㅋㅋㅋㅋㅋ "
1426,"
다들 엣프제의 매력 하나씩만 읊고 가줘! 엣프제는 기여워! 싱기해!! from.XXXP_5w6 "
1778,
1425,"
진짜 신기하고 재밌는 녀석들이야 완장들부터 너무 재밌어 from.XXXP_5w6 "
1424,"
머리 좀 식히고 오시면 좋을거같아요..많이 힘든 건 알겠는데디시가 인생의 전부도 아니고음  걱정돼요 좀 사람이 "
1423,"
완장은 알아두시길 ㅇㅇ "
1422,"
이렇게라도 안하면 리젠은 꿈도 못꾸는걸......완장은 그런것도 모르고! "
1420,"
그립읍니다.... 큰 에이프런 사마.... "
1417,"
누구 맘대로 관심병사야 너 나한테 관심있니? 알몸 에이프런으로 들박할까보다 from.XXXP_5w6 "
1416,"
??? : 묘는 커녕 땅도 없는데요? "
1415,"
황폐화돼 더 이상 사람이 살아갈 수 없는 ESFJ 갤러리 방독면을 끼고 저녁식사를 위해 이동을 하는 모습이다. (상)카페에 앉아 마음의 안정을 취하는 ESFJ갤러리 회원의 모습 (하) "
1414,"
아이디어스 가면 의류용/물품용 방수 네임택 판다 굳이 네임펜으로 빤스에 이름 안적어도 된다 from.XXXP_5w6 "
1413,"
예스  2분쯤 걸린 것 같아요!!  "
1412,"
언제는 INTJ가 좋다면서 이제는 ESFJ가 대세구나INTP 따위는 안중에도 없고    "
1411,"
엣프제가 싱기하고 기엽다 언젠가 꼭 에이프런 들박을 할 것이다 헤으응 from.XXXP_5w6 "
1410,"
얘들아 안녕! MBTI갤 처음 온 뉴비야ㅎㅎ 인터넷으로 퍼스널컬러 검색하다가 발견한 유용한 정보가 있어서 가져왔어~ 다들 추천 꾸욱 부탁해♡ ♡MBTI 성격유형별 퍼스널컬러♡ ESFJ 봄브라이트 화려하고 밝고 따뜻한 생화같은 색상 ENFJ 봄트루 오렌지를 소화할 수 있는 정도, 매우 밝고 생기넘치는 웜톤의 색상 INFP 봄라이트 얼굴 곡선이 완만하여 만만하게 보이는 여리여리한, 밝은 파스텔톤이 어울리는 웜톤 ENFP 봄소프트 봄웜톤으로 착각할 정도로 밝고 따뜻한 색상, 그러나 봄웜톤과의 차이점은 햇빛에 살짝 안개가 드리워진 듯 은은함이 있어야 한다는 것 ESFP 여름라이트 흔히들 말하는 청순여신 여쿨라로 대표되는 밝은 파스텔톤의 쿨톤 ENTP 여름트루 화려하고 밝은 원색의 쿨톤 INTP 여름뮤트 달빛을 닮은 은은한 색상이 어울리는 쿨톤 ESTP 여름딥 매우 화려한 여름밤의 축제같은 쿨톤, 화려하고 대담한 악세사리가 어울림 ISFP 가을뮤트 은은하고 차분한 웜톤, 시중에 가장 흔해빠진 웜톤 INTJ 가을트루 극웜 주황색까지 소화할 수 있는 고혹적인 웜톤 ISFJ 가을딥 매우 짙고 우아하고 고혹적인 웜톤, 음영화장에 최적화된 웜톤 INFJ 가을라이트 피부가 창백하리만치 하얗고 밝아서 가을웜톤 중에서도 특별한 가을웜톤 ISTJ 겨울딥 차분하고 차가운 네이비를 소화, 대비감 강한 직장인룩 ESTJ 겨울트루 극쿨까지 소화해내는 겨울쿨톤 ENTJ 겨울브라이트 화려하고 선명한 원색의 관종같이 튀는 쿨톤 ISTP 겨울소프트 덜어낼수록 고급스러운, 가장 우아하고 한국적인 쿨톤 ​  "
1409,"
나 메이즈러너 본 적 없는데 "
1408,"
ㄹㅇ 지갑 개털릴듯ㅋㅋㅋㅋㅋㅋㅋㅋㅋㅋㅋㅋ놀고싶은데 친구가 없다 "
1406,"
1. 요즘 머리 빡빡 안밈 끝  "
1399,"
 - dc official App "
1398,"
2023년 1월 까지 이 갤은 내가 점령한다. "
1397,"
https://youtu.be/3WOwa0lWEz4니들 보기 싫어서 잠시 안 왔음 "
1396,"
그렇다네요~ "
1395,"
5주뒤에 올게  관리랄것도 없긴해 암튼 수고햐~  "
1394,"
ㅎㄷㄷ 웬 엔티제이해 안가는 지문들이 좀 있었음 알바하는데 손님 오면 당연히 그만큼 해드려야지 뭔 복수할 생각을 하지? 그리고 마지막 쿠키에 잼에 묻은거는 또 무슨얘기?? 양산형 12문항 테스트였지만 좀 별로인듯 "
1393,"
방금 엔프피 대가리 깨는 상상했는데 의외로 정확하네 "
1391,"
혹시 가면라이더X  드립을 예상하고 들어오셨나요? 지금 농담할 때가 아닙니다.이대로 가면 그냥 체르노빌 되는겁니다.유령도 도망갈 엣프제갤의 리젠률이상입니다. - ESFJ 갤러리 분석가 enfp - "
1390,"
잘 맞는 거 같애?인간관계나 반응이나 티키타카 같은 거 엣프제가 조금 더 표현해주기를 바라는듯한데그게 어케하는건지 잘 모르겠어서 일단 내가 트라이해보고 엣프제가 그거 좋다고 하면 ㅇㅎ 하는 중 (트라이얼 앤드 에러, 피드백 그런 느낌)근데 본인도 가끔은 좀 힘든가봐잘 따라가보고는 싶은데 시간이 좀 오래걸리네어떻게 해주면 좋을까 "
1389,"
?? "
1388,"
??ㅡ "
1383,"
하지만 엣프제 친구들에게 디시를 소개할 깡은 없어...그저 고요히 훌쩍이기만...네티즌들 ""항상 있는 일인데 뭐""라며 초연한 태도...반고닉 ㅇㅇ ""충분히 공감하는 바""... "
1382,"
누가와서 재롱좀 떨어줬으면  "
1381,"
그렇다면 지금부터 여기는 INFP 마이너 갤러리다  "
1380,"
일단 난 ISFP고.. 좀 혼란스러워서찬구한테 소개받은 분이 ESFJ인데 서로 바빠서 3주 정도 카톡만 계속하고 전화만 하고 사진만 교환하고 아직 실제로 만난 적은 없거든?근데 원래 애정표현이라던지,,, 그런게 많나?..나는 한 번도 안 본 사람한테 그러는게 참 쉽지 않던데- dc official App "
1379,"
ㅇㅇ "
1378,"
자기일 > 친구 , 친구모임 , 친목 > 애인이라는데 진짜야? "
1375,"
Esfj인 짝녀가 있는데 이번에 시험 보거든?그래서 그냥 텍스트로 시험 잘 보라고 하는건 쫌 건조한거같아서 공책에 시험 잘 봐 라고 써서 사진 찍어서 보내주려고 하는데 어때? 너무 부담스러울라나.. - dc official App "
1373,"
나 istj고.. 엣프제 남친이랑 사귄지 3개월정도됬는데첨에 썸탈때 연락 되게자주하고 매일전화하고일주일에 한두번 만났음나 28 엣프제남 27!둘다직장인이었음세달동안 라스베가스, 솔뱅, 시카고 (미국살음둘다 )여기저기 놀러엄청가고 거의 엄청 재밌게놀았음이제 좀 서로 적응되는 시기가 접한거같은데이때쯤이면 개인시간가질때 연락안하나?나먼가 불안해서.....답장은 바로바로 오는데 선톡은 거의안오네 ㅠ ㅠ 내가실수한거 암만생각해도없거든너무 삼개월동안 불타서 좀 쉬는 시기라 그렇겠지?원래 일주일에 한번씩 주말에 만ㄴ나는데이번주는 교회 드럼쳐줄사람이없대서 박물관약속핸거 못갈거같다고 미안하다고 하고 이번주말고 다음에 보자고하더라공 ㅠㅠ "
1372,"
요즘 뭘 선택할 때최선의 선택을 하는 게 아니라차악의 선택을 하는 거 같네진짜 하기 싫은 일들만 피해서 살다가여기까지 온 거 같아덕분에 뭐... 항상 최악은 면했는데뭐랄까, 삶에 이벤트가 없네진심으로 하고 싶은 게 뭘까...애초에 그런 게 있긴 할까... "
1370,"
본인이 느끼기에인싸 중 아싸아싸 중 인싸가틈 아님 말구 ^^나보다 말많은 사람 있으면 그냥 지켜봄나보다 말적은 모임이면 말 많아짐 "
1369,"
몇마디만 하면 주딱이가 빡쳐하더라고요. 요즘 주딱이의 마음적 거리두기가 느껴지고 있어요. 인팁이는 엣프제가 좋은데.....☆ 에이프런 망령이 사는 공동묘지 갤 같으니....... from.XXXP_5w6 "
1368,"
그래서 엣프제갤 흥행투사인 그는 언제 차단이 풀리나요? from.XXXP_5w6 "
1359,"
갤관련내용보일때마다 꾸준글  "
1357,"
정말 여기서 싸워도 돼요??? 글 리젠 올리기만 하면 허가해주는거 ㄹㅇ인가요????   "
1355,"
기독교라서 밥먹기 전에 기도해야 된다고나보고 기도해도 되냐고 물어보더라 ㅋㅋ귀여웠음 "
1354,"
한강맥주 갱~  "
1353,"
기분 많이 상할라나  "
1351,"
링웜좌 출몰하셨다 이웃 갤러리처럼 되고 싶은가요  "
1349,"
감사합니다  "
1348,"
친해지고 싶은 유형임 근데 내 주변엔 없더라..  - dc official App "
1347,"
어디서 만나냐 사귀고싶다  - dc official App "
1344,"
ESFJ 여자애가 놀 때는 쟤가 니 남친이냐는 얘기가주변에서 많이 나올 정도로 잘 놀면서왜 돌아서서 쟤 별로야 라고 하는 건가요? ㅋㅋ그리고 뒷담이 좀 많은 거 같은데머랄까 순간에는 악감정이 맞는거 같은ㄷㅔ그게 또 음.... 이상해요먼가요?저는 INTP입니다 "
1343,"
1년의 절반이 끝났네요 만감이 교차하는 그런 시기인것 같네요 남은 반년은 행복했으면   "
1778,
1341,"
MBTI갤러리 내의 모완장이  ESFJ갤러리에 대한 모함, 음해하고 있으니  ESFJ갤러리내 회원분들께서는 주의바랍니다.  이에 대해 ESFJ갤러리 관리자일동은 깊은 유감을 표합니다.   "
1339,"
ㅇ?  - dc official App "
1338,"
알바함새벽까지 "
1336,"
저같은 엔프피는 음식점 분위기도 따지는 편이라서 보내줬더니 가성비 너무안좋은데???? 이러는데 ㅋㅋㅋㅋ이게 엣프제에 특징인가요? 사긴지 50일 정도되가요 ㅋㅋㅋㅋ 막 돈을 안쓰는건 아닌데 너무 현실적인 유형이라 분위기이런것보단 토속적인걸 조아하더라구요 "
1335,"
좋아하면 존나 다해줌 표현존나잘함 기분나쁘면 티남 근데 상대방 애인있거나, 관심없어보이고 각이 안잡히면 누구보다 빠른손절하고 다른사람만나러감   "
1334,"
https://www.youtube.com/watch?v=udkrTgTMucQ그냥 하기나 해 "
1333,"
본인 잇팁- dc official App "
1331,"
엣프제 여자들은 마음에 들어도 선톡 안함?  "
1330,"
전 infp인데 피해끼치기싫어서 도움도 안요청하고 좋아하는데 말도안걸고 그랬는데 이런사람 싫어하나요.... "
1329,"
원하신다면 사용하세요  "
1324,"
일단 먹고 생각해- dc official App "
1323,"
 "
1322,"
엣프제갤을 계속 사랑해주세요 뭔상관이야 그죠?  "
1321,"
 앞으로 MBTI 관련 정보, 타 유형들 간의 교류를 원하시는 분이 계시다면 MBTI 마이너 갤러리를 이용해 주시기 바랍니다.https://m.dcinside.com/board/mbti "
1320,"
이거라는게 머야???  "
1319,"
i계열에선 isfj가 우물안개구리 인싸라던데 e에선 esfj가 제일인싸임??  "
1318,"
인싸 부럭다  - dc official App "
1317,"
 안 아 줘 요 ♥  "
1315,"
웃겨서 글 썼는데... 흥갤 요건 하나 충족이었잖아...☆ from.XXXP_5w6 "
1313,"
알려줘 본인여자임 "
1312,"
Istp이랑 esfj랑 궁합좋게나왔는데 어케샹각해♥ "
1311,"
ESTJ, ESTP 일단 ESTJ, ESTP 얘네 특징이 사회성이 존나 없음사람 간의 관계에서 친밀한 목적의 대화 자체를 못 해 사회성 존나 결여되어있고 사회부적응자 새끼들 같음사회성도 없는데 예의랑 존중도 없어어딜 가나 뒷담 대상임 얘네는 진짜로.성격파탄난 건 덤이고. 내가 사람 많이 만나보고 느낀 건데 F 빠지면 애새끼들 사회성이 너무 결여되어 있어 사람 간의 소통을 아예 못하는 느낌이랄까?  "
1310,"
왜 isfj나왔다가 esfj나왔다가 오락가락하냐ㅋㅋㅋㅋㅋㅋㅋㅋㅋ tmi존나 뿌리고 말도잘걸고 축제때 노래존나부르고다녔는데 왜 i가나오냐  "
1309,"
지금 만나고 있는 여자애가 esfj인데어떤 기대치를 갖고 있는지 궁금하다  "
1307,"
예뿌뗑 어린이 여러분 안녕흐세요제 꿈은 엣프제남한테 케이크로 얼굴 맞는 거랍니다 ^^(촛불 뺀 상태로) "
1306,"
저메추좀  "
1305,"
그립읍니다. "
1303,"
평소엔 완전 친한데 가끔 문제해결을 할려고 조목조목따지며 얘기를 하면 ""그래 내가 다 잘못했네""이거 튀어나오고 그때부터 헬게이트임 어떻게 말하면 될까? "
1302,"
https://www.youtube.com/watch?v=HKND3vnDYZYhttps://www.youtube.com/watch?v=TBFfeSNEYBMhttps://www.youtube.com/watch?v=NY-WccTP9As노래듣고가  "
1301,"
놀러오라하셔서 와봤어요  - dc official App "
1300,"
근데 ㅈ도 아닌거 같아내 친구 esfj인데 살짝 암살해버리고 싶을때가 있어예를 들자면 지 기분 ㅈ같을때 ㅈ같이 대하는거집중해야되는거 하고 있으면 주체 못하고 남한테짜증내고 화냄그리구 지가 하면 괜찮은데 남이 지한테 하면 존나 화내는거그냥 진짜 친한 친구들끼리 있는 단톡에 엽사 같은거 보내면존나 화내놓고 딴사람 사진은 아무렇지 않게 보냄내로남불 정석그리고 장난칠때도 진짜 짜증날때까지 장난침좋은건 그냥 같이 있으면 밝고 재밌고 말 안끊기는거?이렇게 쓰고 보니까 얠 증오하는거 같은데그정돈 아님 걍 단점만 말한거야모든 esfj들이 이렇진 않지 혹시?- dc official App "
1299,"
본인 엣프제인데 모솔임근데 최근에 소개팅 잡혔는데 어떻게 할지좀 알려줘- dc official App "
1298,"
4년전인가 5년전에 했을땐 ESTJ였거든요??? 성격이 바뀐건가아님 원래 좀 비슷한성격인가요~? "
1297,"
나와 이 자식들아  - dc official App "
1296,"
일단 나도 나보다 더 의욕없는 사람 싫어하지만엣티제는 생리적으로 관심없음난 일단 통제 당하는게 제일 싫어울 엄마는 엣티제는 아니지만 스토커 수준의 통제광이라서성인돼서도 때리고 직장 위치도 추적하고 소지품 속에서 콘돔도 찾아내던 사람이라이런 비슷한 사람만 만나면 무조건 탈주할 것 같음그리고 엣프제는 거리가 좀 있는 관계면 모르겠는데사생활 존나 떠벌리는 건 내가 제일 싫어함마찬가지로 우리 엄마가 엣프제는 아니지만입이 좀 싼 편인데 계속 그거 누적되다가언젠가 한 번 나 뭐 수술한 거까지 사람들한테 떠벌리길래갑자기 머리에서 스팀 확 돌면서 엄마 아이패드 뺏어서냅다 벽에 꽂아서 부숴버린 적 있음근데 그렇게 해도 사람이 버릇 안 고침. "
1295,"
https://youtu.be/CURaejYANRE사우스파크 - Kyle's Mom's a Bitch "
1294,"
맞는 점이 많네요~! "
1293,"
우울함따윈 저멀리 가버리네요 "
1292,"
나 상대 감정 안 읽어 근데 터키석이 누구야  "
1291,"
라고 올리면 주딱님이 좋아하시겠지!^^!주딱님 항상 수고가 많으셔요~!심갤러분들 놀러와주어 아주 고마우어요~*^^* "
1290,"
오지랖 부리고 참견해서 이 사람이 나에게 거리를 좀 뒀으면 좋겠는데 말을 못알아듣는지 프라이버시를 존중하지 않는게 너무 싫어서 어떻게 해야 그런행동을 못하게 할수 있냐 장애인처럼 그게 고질적인거라 개선이 안되는거임? 자꾸 과도한 관심 갖는거 정신병인거같은데   "
1288,"
살아나라  "
1285,"
인팁인데 귀찮아 죽겠어 "
1284,"
 엣프제들아! 안아줘요!  "
1283,"
그게.. 없나?  "
1282,"
말을 안들어서 포기함 1. 버리지 말라는 걸 지 멋대로 버림. 2. 서류 같은 거 보고 빈정댐. 3. 뭘 자꾸 평가질함. 4. 지 목마르다고 하길래 차 타주고 난 립톤 마셨더니 애들 입맛이라고 빈정거림. 5. 영수증과 아닌걸 구분하라고 했더니 제대로 못해서 두 번 일하게 함. 6. 지가 더 나이 많다고 반말함. 왜 을새끼들은 갑이 조용히 있으면 주제도 모르고 기어오를까  "
1280,"
니들은 천사야~ "
1279,"
쳐 나가 놀거나 친구들이랑 카톡하느라 엣프제갤 안오는 인싸 새끼들.... ㅂㄷㅂㄷ..... 인팁이랑 놀아달라고 신기한 자식들아 from.XXXP_5w6 "
1278,"
안낭  "
1277,"
 "
1778,
1276,"
앳프제님들 오늘도 화이팅입니다인팁은 뒷구석에서 응원합니다.. "
1275,"
웬 논두렁에 쉐도우 복서가  "
1274,"
갤 존나 조용하네ㅋㅋㅋㅋㅋㅋ "
1273,"
'불끈'  그래서 어두운.  - dc official App "
1272,"
헛핫  "
1271,"
엣프제 강아지 같이 좋아귀여워- dc official App "
1270,"
공동묘지는 좀 으스스하군요  "
1269,"
1시간 반만에 1페이지 밀어내기 칭찬하세요 나만큼 일하는사람 또 없다 진짜 ㄹㅇ  "
1268,"
과거에도 그랬고, 지금도 그렇고 아프으로도 그럴것이다. 내가 외계에서 왔다는 사실은. 변치 않을것 변(便)도 괜찮다. 그러니 나에게 공물을 받쳐라 같이 받들어줄테니. 백지장도 만들면 낫다라는 속담이 있지 않은가. 그러나 그건 종이낭비. 나무 파괴다. 환경파괴는 결국 인간의 말살을 초래할것이다. 그러니 그건 나의 플랜과도 같으니 백지장을 믾이 만들어 낭비할것이다. 나무가 더 이상 없으면 나무를 심어서라도 할것이다. 그러니 고개를 조아려라 나는 너희들의 신이자 노예이며 어머니이자 아버지이고 아들이자 딸이다. 강아지도 된다. 고양이는 안된다. 내가 알레르기가 있기때문. 하지만 그딴거 따위는 알.레.르.기.파. 를 텅해 간단히 제거가 가능하다. 그러니 개기지 말고 얌전히 달게 벌을 받도록. 달게 받았으면 쓰디쓴것도 받을줄 알아야한다. 몸에 좋은것은 원래 쓴법 하지만 난 아직 안썼다. 곧 쓸 예정이다. 그러니 아까 언급했던 백지장을 내놔라 그러지 않으면 지구를 핥겠다.   - dc official App "
1267,"
주변에 엣프제 커플있는대 궁금해- dc official App "
1264,"
다들잘쟈!조은꿍꼬! "
1263,"
여기 주딱파딱이 홍보하러 와서 글 쓰러 왔어요 새로운 말머리가 생겼다고 하더라구요 그래서 오랜만에 글을 썻어요 안녕히 계새요~  "
1262,"
슉. 슈슉 시. 시발럼아 슈슉 슉 슉시. 시벌람아. 슉. 시발. 슈슉 슉. 시. 시발. 슉 럼아 슈슉. 시발. 럼아 슉. 슈슉 슉. 슉 시. 시발럼. 아슉 슈슉 슉. 시벌람아. 슉슉. 슈슉 시. 시발럼아 슈슉. 슉 슉시. 시발럼아. 슉. 시발. 슈슉 슉. 시. 시발 슉. 럼아 슈슉. 시발.슉. 슈슉 시. 시발럼아 슈슉 슉 슉시. 시벌람아. 슉. 시발. 슈슉 슉. 시. 시발. 슉 럼아 슈슉. 시발. 럼아 슉. 슈슉 슉. 슉 시. 시발럼. 아슉 슈슉 슉. 시벌람아. 슉슉. 슈슉 시. 시발럼아 슈슉. 슉 슉시. 시발럼아. 슉. 시발. 슈슉 슉. 시. 시발 슉. 럼아 슈슉. 시발.슉. 슈슉 시. 시발럼아 슈슉 슉 슉시. 시벌람아. 슉. 시발. 슈슉 슉. 시. 시발. 슉 럼아 슈슉. 시발. 럼아 슉. 슈슉 슉. 슉 시. 시발럼. 아슉 슈슉 슉. 시벌람아. 슉슉. 슈슉 시. 시발럼아 슈슉. 슉 슉시. 시발럼아. 슉. 시발. 슈슉 슉. 시. 시발 슉. 럼아 슈슉. 시발.  "
1261,"
그러니 에이프런이지  - dc official App "
1260,"
- dc official App "
1258,"
아기인팁 말머리 안바꿀거야 빼애액 -우주비행 갤러리 "
1256,"
안녕히계세요  "
1255,"
슉. 슈슉 시. 시발럼아 슈슉 슉 슉시. 시벌람아. 슉. 시발. 슈슉 슉. 시. 시발. 슉 럼아 슈슉. 시발. 럼아 슉. 슈슉 슉. 슉 시. 시발럼. 아슉 슈슉 슉. 시벌람아. 슉슉. 슈슉 시. 시발럼아 슈슉. 슉 슉시. 시발럼아. 슉. 시발. 슈슉 슉. 시. 시발 슉. 럼아 슈슉. 시발.슉. 슈슉 시. 시발럼아 슈슉 슉 슉시. 시벌람아. 슉. 시발. 슈슉 슉. 시. 시발. 슉 럼아 슈슉. 시발. 럼아 슉. 슈슉 슉. 슉 시. 시발럼. 아슉 슈슉 슉. 시벌람아. 슉슉. 슈슉 시. 시발럼아 슈슉. 슉 슉시. 시발럼아. 슉. 시발. 슈슉 슉. 시. 시발 슉. 럼아 슈슉. 시발.슉. 슈슉 시. 시발럼아 슈슉 슉 슉시. 시벌람아. 슉. 시발. 슈슉 슉. 시. 시발. 슉 럼아 슈슉. 시발. 럼아 슉. 슈슉 슉. 슉 시. 시발럼. 아슉 슈슉 슉. 시벌람아. 슉슉. 슈슉 시. 시발럼아 슈슉. 슉 슉시. 시발럼아. 슉. 시발. 슈슉 슉. 시. 시발 슉. 럼아 슈슉. 시발.  "
1253,"
규칙위반은 삭제랍니다 하하  "
1252,"
저는 얌전히 행동할테니 걱정마세요  "
1250,"
 이 갤러리에 엣프제는 없습니다.그들은 디씨를 할 시간에 밖에 나가 훌렁훌렁 놀고 있을 종족들입니다.이 곳은 타유형들만 글을 올리는 갤러리입니다.만약 자신이 엣프제다 라고 주장하는 사람을 만난다면 앞치마를 공중을 향해 세번 휘두르고,""에이프런에 잠식된 악령이여 어서 물러가라!""이 주문을 3번 외쳐주시면 알아서 퇴마가 됩니다.  "
1249,"
zㅋㅋㅋㅋㅋㅋㅋㅋㅋㅋㅋㅋㅋㅋㅋㅋㅋㅋㅋㅋㅋㅋㅋㅋㅋㅋㅋㅋㅋㅋㅋ  "
1248,"
귀여워  - dc official App "
1247,"
ㄴㅔ????? 엔팁입니다 황족의 갤러리로 놀러와 ꉂꉂ(ᵔᗜᵔ*)  "
1246,"
그러니까 진압하지 않으면 안되는거 아니겠어?  "
1245,"
추가댄 말머리는먼가요?  "
1244,"
오늘도 편안한 이용을 위해  노력하겠습니다  "
1243,"
슉. 슈슉. 시발. 시발람아. 슈슉. 슉. 슉. 슈슉시발.럼아 슈슉. 시발슉. 슈슉.  "
1241,"
좌표 받고 왔습니다 "
1239,"
https://www.youtube.com/watch?v=vcnPkCTUXkI사만다 멈바 - gotta tell you  "
1238,"
글 관리 기록 올려. 방금 내가 올린 글 지운 에이프런 누구야 "
1235,"
ㄹㅇ -우주비행 갤러리 "
1233,"
뉴이스트랑 워너원 활동하던 아이돌인데 굉장히 엣프제..같은 면이 보이는 인터뷰라서 전문 갖고 옴 ^__^에니어 덕후인 제가 볼 땐 황민현 에니어는 2w1 or 6w5 같아여아님..말구 "
1231,"
써줘 제발  "
1228,"
펜션놀러갔는데 거기주인이 키우는 고양이가 있었는데 울아빠 고양이 안고 놀아주다가 갑자기근심한가득 표정지으면서.나한테 고양이 안고 옴왜그러냐니깐 얘 지금 운다고 달래주라함근데 알고보니깐 고양이 그릉그릉 골골대는소리였음ㅋㅋ. "
1227,"
나는 인프피고 남친은 엣프제인데내가 덜렁대기도 엄청 덜렁대고 잘 하는 것도 많이 없긴 한데예를 들어서 요리를 한다고 치면내가 요리를 잘하진 않지만 서툴어도 열심히 하고 있는데남친이 옆에서 보고있다가 내가 해줄게~ 있어봐~ 하고 자기가 다 하려고 하는 버릇이 있더라고?난 내가 스스로 할 수 있는데 막 못하게 하니까 당연히 고맙기도 하지만 오히려 짜증이 날 때도 있거든원래 막 자기가 해주는 걸 좋아하는 거야? 궁금... ㅎㅎ "
1226,"
안녕 나는 잇프피 남자야.. 엣프제는 동성친군데 그렇게 친한 편은 아니였어.. 난 항상 독서실에서 공부를 해서 독서실에 가고 있었는데 우연히 걔가 나를 발견한거야 그러다 걔가 페북 친추걸고 결국 카톡까지 하게 되면서 친해졌어. 근데 친해지면 친해질 수록 표현이 거세져 ㅜ 걔가 자기 친구들 데리고 독서실을 내가 공부하는데로 옮기지를 않나.. 항상 언제 오냐고 물어봐 그래서 어쩌구 저쪼구 가면 밥사줄거야? 이렇게 물어보면 막 뽀뽀해준다는 등 쟈기 이런 애칭을 너무 잘붙여대 얘가 자기 친구들이랑 지내는 모습은 본 적이 없어서 그러는데 혹시 엣프제들은 동성친구들한테도 이래? 가끔 이런 말투가 조금 부담스러워서 거절하고 싶어 ㅜ 근데 얘 조금 무섭기도 하고 그래서 그러는데 엣프제들 기분 안나쁘게 거절하려면 어떻게 해야 해??가독성 미안해.. 넷상으로 글을 써본 적이 많이 없어서 구어체야.. 최대한 문단도 나눠보고 했는데 불편했음 미안해- dc official App "
1224,"
https://www.youtube.com/watch?v=hT_nvWreIhg원리퍼블릭 - counting star  "
1222,"
가장 친한 친구와 어머니가 엣프제라첫번째로 좋아하는 mbti입니다첫 글이지만 잘 부탁드려요 "
1221,"
대부분 내가 맞춰주고 눈치봐서 사람 만날 때마다 눈치보기 싫은 본성 때문에 스트레스 오지게 쌓이는데평생 맞는 사람을 찾을 수 있을런지가 의문이다아니면 아무도 안 만나도 신경 안 쓰는 성격이 되던가이도저도 아니니까 골치 아프네 "
1220,"
장점 : 1. 시비거는 사람이 적음2. 이유없이 욕하는 사람이 없음3. 미친놈이 거의 없음단점 :1. 무인도 같음2. 나만빼고 다들 재밌음미스테리 :어째서 엣프제가 인팁 잇팁이랑 잘맞는다는 괴담이 도는지 아직도 알 수가 없음공통관심사가 전혀 없고 대화도 잘 이루어지지 않는데 "
1219,"
다른건 불만이 아니고 관심도 없는데자꾸 개인공간 개인시간 무시하고 알맹이없는 뻔한말 할때 미쳐돌아버리겠는데왜그러냐면 하루 중에 퇴근해서 오롯이 즐기는 2시간을 방해를함그냥 혼자 있고 싶은데 말로 설명을 해도 못알아듣고 소통도 안된다폭력을 쓸수도 없고 어떻게 타협이 안되는데나 진짜 개인시간 배려안해주는 인간들 존나 개극혐해서 나가살려는데도대체 심리가 무엇이길래 존나 씨발 자꾸 선넘는거냐엣프제 심리좀 알려줘봐 남이었으면 고소했어 "
1218,"
공감능력 진짜 좋음  정 많음 하고싶은게 진짜 많음 계획도 잘세우고 먼저 제안함 성격 재밌고 외향적임 장난도 잘침 바쁠때나 개인시간 가질때 (놀러가거나) 연락 잘안함(이건 일본인이라 가치관차이도 있을수도) 외로움 진짜 잘탐 집에혼자있는거 진짜 싫어함 게임에서라도 사교활동해야함  "
1217,"
너네 enfp여자는 어떻게 생각하냐 "
1216,"
ㅈㄱㄴ  "
1215,"
ㅈㄱㄴ "
1214,"
다시 인팁이 된거같아 "
1213,"
 "
1211,"
딱 헬조선 맘충 아줌마 ㅇㅇ권위내세우면서 갑질하고 대가리는 텅텅비었는데 아는척 잘난척 좆되고 허영심많음ㅇ "
1210,"
나한테 일거수일투족 다 말함ㅋㅋㅋㅋㅋㅋ 귀찮아 죽겠다  - dc official App "
1778,
1209,"
왜 뭘해도 좋기만하냐 심지어 상처주는데도 "
1208,"
습도가 60도 정도 되면 꽤 쾌적할텐데바람막이처럼 입는 전신에어컨을 발명하는게 빠를까아니면 특정지역 기후를 조작하는 방법을 개발하는게 빠를까 "
1207,"
https://youtu.be/5gj2WkkEcIEha haha "
1206,"
1. 하루만 지나도 오는 사람이 소식 없을 경우 : 까였다 ㅅㅂ2. 잘 모르는 사람한테 보낼 경우 : 이 사람은 대답 잘해줄 것 같은 성격인 거 이미 파악함 그래서 그냥 기다림3. 대답 잘해주는 사람이 소식 없을 경우 : 고민 중이거나 뭐하는 중인가 보다4. 톡 늦게 봐서 미안하다고 상대한테 연락올 경우 : 오늘 안엔 보겠지라고 생각하고 애초에 안 기다렸음5. 가족이 대꾸 안할 경우 : 차단하거나 또 씹는 중이네 ㅅㅂ6. 싸운 사람이 연락 온 경우 : 이 새끼 차단했는데 뭔 수로 연락 온 거지?7. 유명인이 답장한 경우 : 이걸 답장한다고? "
1204,"
너네들 뭐하고 노냐? "
1203,"
INTP랑 만나봤어?  "
1201,"
내일 당장 보기로 했는데 ㅅㅂ...나도 엣팁이라 사람 앞에서긴장 절대 안 하는 스타일이고든?내일 어떻게 해야 하냐 시불ㅠㅠㅠ내가 강단있는 모습이 괜찮다고 했는데나 지금 제정신아니고 벌써 긴장돼 엉엉엣프제 친구들은 뭐할때 가장 좋니..뭘해줘야 하니 "
1200,"
출근하기싫네   "
1199,"
예지력이 약간 상승하는데이 예지력이 별 건 아니고 남들보다 더 좆같은 경험을 빨리해서 불이익이나 위험을 감지하는 거임근데 그 당시에 의견을 내면 비웃음 당하거나 조롱 당하는데시간이 지나면 내가 밀었던 주장이 다수의 지지를 받고다구리 처맞은 나만 억울해지는 거.인팁 특징 중 하나가 죽어서야 인정을 받는다는 점인데뭘하든 현생에선 고통받을 수 밖에 없다. "
1198,"
한 회분 거르고 잤는데 일어나자마자 덜덜 떨려서 억지로 밖으로 나가서 기분전환 하고 나니까 진정됨근데 자도자도 졸리고 안 먹으면 심장 저리고별로 약 효과도 없는데 스트레스만 오지게 쌓이네 "
1197,"
오랜만에 방문하네. 다들 보고 싶었지? 보고 싶었던 사람 손~음 좋아 벌써 여기까지 손바닥 파도가 느껴지는구만^^ 나는 이제 시험도 끝나고, 종강도 했겠다 잠시 쉬면서 지내려는데, 요즘은 추억의 애니에 빠졌어.어렸을 때 포켓몬 1~4기, 디지몬 시리즈 정말 좋아했어서 kbs에서 방영하는거 정말 하루도 거르지 않고 봤는데 어째 제대로 내용들이 기억 나지 않는다 저런 내용이었나...? 싶으면서 아무튼 낮에 공부하는 시간 제외하고는 쉴 때 그동안 보고싶었던 것들 좀 몰아보려고 한다 ㅎ 너희는 뭐 좋아하고, 기억에 남는 애니 있어?  "
1196,"
글 두개는 좀  아니지 않은가 월욜이라해도..  "
1195,"
가장 최근에 한 검사야. INTJ인 거 같아. ESFJ를 알고 싶어서 왔어. 한동안 잘 부탁해  "
1194,"
1. 옆집 윗집 윗윗집 사람들 전부 뒤지는 거2. 내 망가진 평형감각이 나아지는 거3. 아침에 일찍 일어나는 거4. 일할 때 안 지루한 거5. 시간낭비 안하는 거6. 사람들이 내 반경 2미터 내로 접근 안하는 거7. 반말하는 의사와 식당주인들 아가리가 찢어지는 거8. 수집에 대한 집착이 조금 줄어드는 거9. 혼자 있을 때 고독감을 느끼지 않는 거 10. 눈이 선명해지는 것11. 뭔가 좀 꾸준히 하는 것12. 청소 잘하는 것 13. 욕 잘하는 것 (많이 하는 게 아니라 적재적소에 죽창마냥 아프게 꽂아서 입다물게 만드는 것)14. 이름을 말할 수 없는 특정인들 뒤지는 것 "
1191,"
티.원 또졌네   "
1189,"
나 남 편안하게 안해주는데  "
1188,"
다정함 언변 외모 돈 능력 친화력  근데 그걸 따지는 놈들도 그게 없음  "
1187,"
똥글마렵네   "
1186,"
 엣프제 친구랑 항상 주말만 되면 줌하는데 솔직히 줌해도 공부 잘 안되는거 같고 해서 오늘 내가 먼저 줌 하자는 말 안했더니 얘도 걍 아무말이 없어혹시 엣프제들 이런거 그냥 그런가보다 하고 넘기는편이야 아니면 얘가 나랑 줌 하기 싫나? 하면서 삽질 하는 편이야?근데 얘가 좀 예민한 편이긴해- dc official App "
1185,"
https://www.youtube.com/watch?v=WXOlNBDVt0o지듣노  "
1184,"
mbti 초반에 유행할 때 딱 mbti는 이걸 악용할 사람들이 넘칠 거라는 예감이 들어서공신력 있는 tci 검사 해본 적 있음인간은 기질과 성격으로 나뉜다던데기질은 어릴 때부터 가지고 있는 거라 죽어도 안 변하는 거고성격은 환경에 따라 유동성이 있는 것기질에서 자극추구/위험회피는 거의 100을 찍고사회적 민감도/ 인내력은 0~마이너스를 찍었는데 이게 무슨 뜻이냐고 물어보니까 - 풍부한 감수성과 순발력, 열정, 자유분방도가 높고 호오가 분명하고 남들과 생각이 달라도 크게 개의치 않아함.- 즉각적 임기응변에 재주가 있고, 남들이 주저하는 일에 담대하게 행동함- 즉흥적인 충동에 이끌려 행동하고 성급하고 감정조절이 어려움- 강렬한 감정을 여과없이 표현하고 타인의 감정을 세심하게 배려하는데 서투룸대략 이렇다고 함.성격은- 긍정적인 감정을 느끼는 때가 적어 좋은 일이 있어도 긍정적인 정서를 보이지 않음- 인생은 힘든 세상과의 고달픈 싸움이라고 생각하는 경향이 있음- 대체로 가라앉은 기분에 젖어있음이렇다더라.왜 이러냐고 물어보니까 인생을 안 맞는 옷을 입은 것처럼 살고 있어서 그렇대.나는 어떻게 봐도 천성이 공무원이나 회사원같이 실적을 오래 기다려야 하는 데스크나사람 접대하는 서비스직은 전혀 맞지 않고프리랜서나 익스트림 스포츠, 카레이싱 같은 스릴 넘치는 직업이 체질이라고 하길래살면서 차멀미도 심하게 하고 교통사고 두 번이나 당해서 차는 질색이고 익스트림 스포츠는 애초에 관심도 없고프리랜서도 사람하고 부딪치는 직업인데 더 불안정한 거 아니냐고 했지.그리고 일단 위험회피를 100을 찍는 사람이 불안한 직종에 체질이라고?말이 안되는데.게다가 몸도 둔해 빠져서 저런 거 잘 못함. 어릴 때부터 단련한 거라면 몰라도.조심성도 없어서 어릴 때부터 피를 좀 많이 봤음.그리고 부모가 별 것도 아닌 이유로 존나 많이 때려서학교에서 맞는 걸로는 한 번도 울어본 적 없음. 집에서 얻어터지는 것보단 신사적이고 덜 아파서. 어쨌든 아무리 체질에 맞지 않아도 돈 벌려면 선택의 여지가 있나?집에서 가까운 직장 구하려면 그냥 사무직이 제일 최고지.근데 오래가진 못하더라. 내가 참기 전에 짤린 적도 있고 의외로 고객관리 하는 곳에서 1년 정도 오래 간 적도 있는데 그런 직장들은 나 혼자 버텨야 하는 곳이었음.웃기는 추억들도 많이 있긴한데그래도 직업만족도는 낮음. 하고 싶은 건 따로 있는데 그건 손도 못대고 있거든.이쯤되니 뭘 말하고 있는지 모르겠다. "
1182,"
내주위에 유일하게 없는 유형중 하나라..궁금하다  - dc official App "
1181,"
https://youtu.be/f5qICl3Fr3w그웬 스테파니 - what a waiting for? "
1180,"
가끔 엄마한테 누구랑 무슨 일 있었던 거 얘기하는데나 : A 개짜증남엄마 : 무슨 일인데?나 : A가 어제 이러쿵 저러쿵..엄마 : 그 인간 저번에도 그러고 다니더라나 : 얼굴은 다 푹 삭은게(A)..엄마 : 그런 건 말할 필요가 없고나 : (기분 나빠짐)나 : B가 저번에 나한테 무슨 짓 하던데엄마 : 뭐?나 : 이러쿵 저러쿵..엄마 : B 또 그러냐?나 : 하는 짓은 개창년 같이 생겨먹은게..(B)엄마 : 그런 건 말할 필요가 없고나 : 엄마, 걔 변호사야? 왜 내 말 끊고 내가 싫어하는 사람 깔 때만 그 사람 편들어줌? 걔들은 나한테 별 소리 다 하는데.맨날 이런 패턴임.근데 웃긴 건 엄마는 자기가 싫어하는 사람 욕할 때 내가 다 들어주는 역할임.심지어 내가 모르는 사람 욕할 때도 보통 사람 같으면'ㅅㅂ 그런 얘기 해봤자 내가 뭐라고 반응해야 돼' 라고 따질 일도 그냥 그러려니 하고 들어줌. "
1179,"
남친이 엣프제인 엔팁인뎅남친이 나한테 숨기는 거 있냐구 물어보는데숨기는거 1도 없거둠... 흠왜그러지 폰안보여줘서 그런가너넨 아니 "
1178,"
프라이버시 관련 내용이라 참는 중 "
1177,"
내가 없으면 안 돌아간다일해 F놈들아 "
1176,"
음  "
1132,"
이 컨텐츠는 당신이 만나보았던 'ESFJ'에 대해 말하고 답하는 컨텐츠입니다~  ESFJ갤에 오시는 타유형분들은 보통 ESFJ를 만나보신 경우가 대다수인점과 ESFJ갤의 특징인 정성어린 답변에서 기획되었습니다..  당신이 만난 ESFJ의 가장 신기했거나 이해되지않았던, 또는 자신과 정반대라 느꼈던 특징을 '한가지이상' 골라 '자신의 MBTI'와 함께 적어주시면,  이 갤에 있는 몇 ESFJ분들은 그 이유에 대해 답해주시고 대화하시며 생각을 공유하시면 됩니다!  예시 : (INTP/내용~)  답글 예시 : (ESFJ/내용~)  현재 질문탭은 특정한 ESFJ지인에 대한 특정한 질문거리에 대한 조언과 답을 받는 말머리탭이었다면,  이 컨텐츠는 ESFJ라는 성격의 원색적인 궁금증과 타유형과의 차이를 알아보는 컨텐츠라 생각하시면 될것 같습니다..  매일 한번씩 끌올되며, 갤의 활성화를 위해 기획되었다는 점에서 많은 참여 부탁드립니다.. 가장 많은 답변을 정성스럽게 하신 분 1분께는 기프티콘이 한장 돌아갑니다! 댓글은 이글에 다시면 됩니다! ㄱ!  "
1174,"
어제 의사한테 약 먹으니까 자꾸 졸리다고 해서집에서 누워있지 말라더라그래서 그럼 서 있어야 되냐고 물어보니까앉아 있으래그래서 내가 말했어 왜 앉아 있어야 되죠?참고로 우리집에 책상과 의자는 없어 있을 때도 항상 누워 있었지만설마 남들은 앉아있나?우리집에서 용건없이 앉아있는 사람 한 명도 못봤는데 "
1173,"
엣프제 여자애랑 친해질라면 어케해야대냐  - dc official App "
1172,"
뭘해도 만족스럽지가 않아 "
1171,"
https://youtu.be/ULTtWUZhD9c로비 윌리암스 - supreme "
1170,"
내 누나가 esfj임 "
1169,"
나는 infp인데 나름 선톡도 하고 번호도 내가 다 따고 그랬는데내가 계속 선톡 연락하다가 먼가 미안해져서 오늘은 톡 안해톡 안하니까 선톡 안오네 이거 포기해야 되는거 맞지...?속상하다.. "
1168,"
어떤 분야든 평타 이상은 쳐야된다?뭐든 열심히 하는 거 같길래 함 물어봄 "
1167,"
관심있는 사람이 다른사람한테도 다정하게 대하는거보면 어떰? ㅇㅇ 어장같음? "
1166,"
좋게말하면 순수솔직 나쁘게말하면 단순감정표현 솔직하고 잘울고 잘웃는 이성어케 생각해? 너무 애같아서 싫을려나 "
1164,"
똑같은 이미지 파일 검색해내는 거.이름이나 파일 용량 크기 말고 중복사진 파일 찾기 힘들어 "
1163,"
예전에 한 번 어떤 연기학원에 등록하려고 갔는데 (소규모는 아니고 연예인이 운영하는 체인점이었음)입학 상담사가 따로 없고 종업원(?)이랑 원장만 있는데 종업원들이 안내도 하나도 안하고 원장 없으니까 상담할 수 없다고 해서그냥 시키는대로 서류에 이름 전번 같은 개인정보 적으라길래 생각없이 적고다음날 연락 올 거라고 해서 기다리고 있었는데 다음날 하루종일 연락이 안 옴.그래서 다다음날 내가 쇼핑하고 오는 길에 그 학원에 가서 왜 연락을 안 하냐고 했음.그리고 그날 저녁 즈음에 원장이 직접 전화를 해서 약속을 잡았고직접 대면 상담을 했는데 대뜸 내가 종업원들한테 막말을 했다면서 트집을 잡더라?""개고생"" 이 얘길 해서 놀랐다고 하는데 겨우 그 정도 가지고도 막말이라면서 시비트는 것도 그렇고종업원이라는 것들이 자기들이 개인정보 쌔벼가면서 약속은 안 지키고 그런 거나 고자질 하는 게 좀 싸한 기분이 들었음. 여긴 뭐하는 곳이길래 아직 입학 전의 사람한테까지 기선제압을 하는 건가 싶어서.일단 원장 자체가 신뢰감이 안들게 생겼더라.왜냐하면 복장이 실내에서 야구모자를 쓰고 힙합 티셔츠에 청바지 입고 있음.누가 봐도 고객을 대하는 서비스직의 복장이 아니었음. 그러고 내가 학원에 다니고 싶은 목적에 대해서 설명하려고 샘플 영상을 보여주고 하는데조금 보다가 도중에 끊어버리고 자기들은 이런 거 모른다고 하는 거임.보컬에 대해서도 질문을 했는데 아무것도 아는 게 없었음.오히려 인터넷 지식인에서 질문을 하니까 답을 알았을 정도.게다가 내 태도에 대해서 지적을 하는데 지가 명함을 주는데 한 손으로 받았다고 건방지대.나는 명함을 달라고 한 적도 없고 당시 내 손엔 쇼핑백을 들고 있어서 두 손으로 받을 여건이 안됐음.근데 그런 사정까지도 트집을 잡는데만 정교한 걸 보니까얘네들은 실력이 아니라 군기 잡는 곳이고 연기나 보컬 이런 거엔 관심도 전문적인 지식도 없고그냥 애들 얼굴이나 수술 시켜서 적당히 연줄로 오디션 보게 시켜서 돈 빨아먹는 곳이구나라고 느꼈음.주제넘게 인생 참견까지 하더라? 나보고 명상을 해보라고 하면서.내 생애 가장 쓰잘데기 없는 꼰대질이었음.가끔 서비스직 업종들은 돈을 주면 그 일만 똑바로 하는게 아니라손님한테 주제넘은 말을 꺼내는 일이 있는데 (예를 들면 택시기사가 반말로 나이는 몇 이냐 애인은 있냐 묻는 것 등등)이놈들도 그런 부류 중 하나였음.돌아오고 나서 다시 생각나길래 한마디 하려다가 귀찮아서더한 싸가지들도 많은데 이런 것까지 일일이 따져서 뭐하냐 싶어서 잊고 있었는데정기적으로 스팸메일까지 보내고 있음. 이러려고 개인정보를 모았구나.한동안 무기력하게 있으면서 잊고 있었는데지금 갑자기 생각이 났는데 본사에다가 느그 지점이 손님을 이딴 식으로 대접하는데어떻게 생각하심? 이라고 한 마디 쏘아붙여야겠다.물론 연기학원에 관심을 가진 이유는 배우가 되고 싶어서는 아니고그냥 인생 살다보면 연기가 필요한 일도 있다고 생각해서였음.근데 귀찮아서 안할래.*여담으로 이 새끼 덕분에 어디서 명함 받을 일 생기면누가 줘도 무조건 거절하고 내가 직접 명함통에서 꺼내가는 버릇이 생겼음.""내가 그거 받아줘봤자 너네들은 어차피 나한테서 흠잡을 거 아니냐"" 이런 뜻임. "
1162,"
그럼 완장 칭찬부터음닭살돋는 댓글을 안 달아서 좋다이상 "
1161,"
https://youtu.be/a2CTWkTQY6A데이비드 게타 - play hard이제 중복 헷갈리니까 가수랑 제목 쓸거다 "
1160,"
난 저러진 않는데 세미엣티제라 그런가 음..  "
1157,"
 "
1156,"
반응 어떻게 해?호감있는 상대가 칭찬해줬을 때는 어떻게 달라?  "
1153,"
https://youtu.be/dZDj2CnG5dE이제 하도 많이 올려서 헷갈리기 시작한다 "
1152,"
https://www.youtube.com/watch?v=p6ofuEzWkiU "
1151,"
룰루로 1렙 w 찍는다길래 보니까 공속줄려고 이지랄함  "
1150,"
1. 술은 원래 잘 안 마심. 좀 취할 것 같으면 끊어버려서 흑역사 생성한 적 없음2. 막말로 이불킥 한 적 없음. 오히려 최대한 자제하는 편. 역으로 타인들이 나한테 막말함. 시비 걸 만한 건덕지도 없는 평범한 말로도 일단 욕부터 박으면서토막내서 죽여버리겠다거나 엄마를 강간하겠다고 하거나 등 별 소리 다 하는 연놈들이 대부분.나한테서 껍데기를 벗겨서 사지를 찢어버리겠다는 소리 안 들었으면 아직 막말 들은 거 아님.3. 사랑고백 안함. 당사자들한테 한 번도 해본 적 없는데 지금부터라도 하겠냐남의 사랑고백도 안 믿음. 대부분 진심이 아닌 경우가 많아서 무시함. 믿게 만들고 싶으면 일관된 행동을 보여줘야 하는데 내 앞에선 포기하는 편이 나음. 몇 년이 지나도 동네 사람들하고도 안부인사 안하는 성격. 길에서 만나도 모른척 해주길 바랄 뿐.4. 마이웨이 아님. 실제로 잘 휘둘리고 사람들 모인 자리에서 잘 휘둘려서 스트레스 받아서 기빨리는 편.일단 옷 입고 외출하는 순간부터 HP가 깎이기 시작함.5. 팩트폭격기라고 하는데 나한테 한 소리 듣고 우는 사람 한 명도 못 봤음.딜이 안 먹히는지 오히려 귀찮게 더 달라붙는 사람들이 많음.나도 제발 말로 상대방 좀 죽이고 싶다.나에겐 이런 가불기가 언제쯤 생길까? "
1149,"
검사했는데 요고 나와서 갤검했더니 갤이 돌아가고있네  처음와봄 ㅎㅇ  "
1778,
1148,"
서로 호감있는 사이라치고 먼저 연락 잘하고 그런거  "
1147,"
유튜브 디시 인터넷 볼 게 없으니까 인생 노잼이다  "
1146,"
ㅈㄱㄴ  "
1145,"
조공이나 더 받으세요  "
1144,"
엣프제가 들고 있는 저 민트 케이크를 받고 싶어요 케이크 주세요. "
1143,"
이거 좋음?   "
1140,"
됐고 조공이나 받으세요  "
1139,"
""너는 잘 오다 컨텐츠를""  "
1138,"
사랑합니둥  "
1137,"
그 이번에 시작한 컨텐츠 답변이 이미 있는 댓글에 댓글을 더 달아도 괜찮은~? "
1136,"
https://youtu.be/rdx7EwlIuao "
1135,"
주변 친척 가족 아는 사람 다 끌어모아도 mbti 안하는 사람들 투성이인데 "
1134,"
뭐라 할 말이 없당.. 그냥 진짜 전형적인 엣프제 친구라  다 익숙해져버렸어  "
1130,"
예) 그래서 나도 이렇게 하고 저렇게 해서 이렇게 함 ㅋㅋ "
1129,"
여기가 사실 ESFJ보단 타유형이 많이 오고하니 여러 유형의 생각을 ESFJ도 들어볼수있는 그런 컨텐츠탭을 하나 만들어볼까함 실험적인거를 곧 하나 해볼것이니  일단 봐주시면 감사할듯하옵니다  "
1128,"
궁그매- dc official App "
1127,"
난 엣팁이야 "
1126,"
약 먹어도 이러는 걸 보면 발바닥 뜨거운 걸 보니까 알러지 반응 같은데내가 어제 뭘 먹었길래 이러냐근데 생각하기 귀찮다 "
1124,"
이 캐릭들은 납득이 가는데ㅋㅋㅋㅋㅋㅋㅋㅋㅋㅋㅋㅋㅋ 얘는 희대의 썅년 소리 듣는 년인데 엣프제라는게 반전이다불건강 엣프제는 가면쓰고 정치질 하는 건가 ㅋㅋㅋㅋㅋㅋㅋㅋㅋㅋㅋㅋㅋㅋ "
1123,"
https://youtu.be/YxIiPLVR6NA지금은 없는 아비치 "
1122,"
올핸 벌써 26페이지를 돌파중이군요 관리한 보람이..  "
1120,"
난 주로 읽씹/안읽씹 하는게 가족이고나머지는 그냥 다시 볼 일 없는 인연이라 신경 끄는데 "
1118,"
글보는데 비슷한사람 존나많다 "
1117,"
야스야스야스예요 저어는 뚜쎼예요  "
1115,"
물론 이건 사바사인데 ,, 시험기간 감안해도 2일이면 포기하는게 좋겠죠? 여기서 선톡 보내는 것도 부담스러울 것 같고ㅠ- dc official App "
1114,"
현생갤답다  "
1113,"
윾식대장 앞으로 만두 바치면 해주냐? "
1112,"
개줫망갤은 탈출한 갤입니다  "
1110,"
오~ 집에 가기 싫었어~   Σ(-᷅_-᷄๑)열받아서 엣프제갤 들어왔어~  (งᐖ)ว어머 이게 누구야~ Σ੧(❛□❛✿)저 에이프런 아저씨~ (๑•ૅㅁ•๑)내가 제~일~ 좋아하는 우리 엣프제~  ヾ(๑╹◡╹)ﾉ"" "
1109,"
나만 사소한거에도 감정소비 심한가...뒤끝쩌는 속좁이처럼 보여서 싫은데...자꾸 감정소비하게됨 "
1108,"
경박한 인생새끼들 시발  "
1104,"
https://youtu.be/O4irXQhgMqg "
1103,"
https://www.youtube.com/watch?v=HvTodTtOetg하루에 올라온 글이 거의 일주일치 분량인데? 머선 일이 있었던거지  "
1102,"
시발 방구석은 27.5도에 습도 57퍼센트인데우리집은 뭐가 문제냐 "
1101,"
벌써 천 백 개라니,,,,,넘모 기쁘구만~!~!~! "
1100,"
별 거 아닌 말도 하면 투머치토커라고 싫어하고용건 있을 때만 말하면 필요할 때만 찾는다고 하고속으로 ""시발놈들아 어쩌라고"" 라는 말을 삼킬 때가 많음 "
1099,"
얼마전에 알게된 엣프제 사람있는데자기 필요할때 엄청 사소한거까지 다 물어봄ex) 사회초년생이면 축의금 얼마내야하냐, 저녁 먹으러 어디갈건데 메뉴 추천해달라, 이번에 뭐 샀는데 이거 어케쓰냐그리고 질문할거 없음 아예 연락안함그 사람 성격일거 같긴한데 엣프제들 필요할때만 연락 많이 하고 고맙다고 잘 안해? "
1098,"
대학동아리 동생들 인핍이 많긴한데서로 흑역사도 알고있고 추억도많으니까밤세서 얘기해도 재밌더라구여반대로 나랑안맞는사람하고 놀면내가 인핍 되는 느낌임.재미없고 집에가고싶고 급격히 조용해짐... "
1097,"
ㅈㄱㄴ "
1095,"
얘네가 근본적으로 소심해서대화가 끊길때가있음..외향적이었던 내 짝사랑....두번째만남때 자기랑 한강가자고 한강길 걸어서 리드하고사진같이찍자고하고연락먼저해주고개그드립도 하고이 느낌에 빠지면 진짜 인핍여자 안떠오름..넘좋았음...... "
1094,"
난 어릴때부터 개그맨 소리들을정도로유머감각은 있었는데나서는걸 무서워했음. 발표도 못하고딱 개그 드립칠때만 순간적으로 그런거 잊고하는 느낌.살면서 소심하다는 얘기도 많이들었음.대학가서는 조별과제 이런거 나서기 좀 그런거야.근데 동아리회장 되면서 성격이 많이 달라짐.내가 그래도 연장자인데 동생들이 어색해하면 안되니까그때 많이 바뀐거같음.그증거로 취업준비할때첫면접은 떨려서 망쳤음.근데 두번세번네번때는 면접을 즐기게됨.면접관들이 나한테 ""저놈 특별하다"" 라고 느끼는 시선이 짜릿했음.직장에서도 3년차 되고 후임들 들어오면바로바로 먼저말걸어주고 챙겨주니 좋아하더라. "
1093,"
이게 우리들의 공통적인 장점인지아님 나만의 장점인진 모르겠어난 일단 먼저연락을 잘함대부분의 남자들이 먼저연락하는거 인색한게10에 9더라구.나만의 노하우는이렇게 먼저연락했을때 기다렸다는듯이 반기는사람들은 안고가고반응시큰둥하는애들은 거르면 그만임 ㅇㅇ 뭣모를땐 그게 상처였지만ㅋㅋ14년전 친구한테 연락해서 만났더니 다시 하루만에 베프됨.그친구왈 다단계인줄알았다고.....생일이든 경조사든 난 먼저 연락하는거 땜시사람들이 좋아하는거같음. "
1092,"
친구가 isfp인데 읽씹 안읽씹 콤보 패고싶을 지경인데 참아야하나 "
1091,"
엣프제 캐릭터가 들고있는 케이크도 귀엽고케이크 들고있는 엣프제 캐릭터도 귀엽다 ㅠㅠ 자꾸생각나그런게 케이크 mbti도 엣프제겠지? "
1090,"
말실수한거가튼데... "
1089,"
나는 외적이나 내적이나 다 내 스타일인데여자는 확실하게 내 남자였음 좋겠다라는 생각은 아직 없대..내가 말랐는데 자길 지켜줄거라는 든든한 느낌이 없다고는했고연락은 계속하는 중인데 제발 제발 어케 접근해야하고어떻게 해야 날 좋아하게 될까 "
1087,"
https://www.youtube.com/watch?v=2D7pUwsaS9I "
1086,"
이럴수가... "
1084,"
홈트하면서 종종 영화나 유튜브보는데 막 여름 추천 영화 목록 있길래 그 중에서 하나 골랐는데 일본 만화영화였음일본애니메이션은 거진 본적이 없어서 호기심에 봤는데 보고나서 여운이 넘 짙게 남아서 딴 거 할일을 못하는 중굉장히현실적인 성격이라 이런거 별 감명없이 볼 줄 알았는데 충격머금 내가 이리 감수성이 있었나??싶더라 원래 엣프제는 이런 타입이엿는데 내가 몰랐던건가 "
1083,"
https://youtu.be/ABYnqp-bxvghttps://youtu.be/fZ9WiuJPnNA특별히 세사미 스트리트 버전도 "
1778,
1082,"
식겁했네 뭐임  "
1081,"
친해지기 껄끄러운 관상들이 남녀 가릴거없이 꼭 있는데그사람들한테 만큼은 인핍 되는거같음ㅋㅋㅋ순하고 좋은사람들한텐 인싸되는데뭔가 우울해보이고 다크한사람, 너무공부만했던사람 앞에선인핍됨. "
1080,"
 "
1079,"
일본 최대 포털 사이트 야후 쟈팡으로 가 mbti 관련 글을 검색해 봤는데. 나오는 정보들이라는게 다 이런 것 뿐이더라ㅋㅋ기본적으로 mbti 유형이 총 16개가 있다 라는 기본 정보.그중에서 대부분 비중있게 다루는 내용은 mbti 유형 간 궁합도 우리나라도 아직 유형별 궁합도 이런거 믿는 사람들 보이던데 일본은 진짜 그 수준을 넘어서서 처참할 따름이다.... 또 밈이라 해봐야, 애니 캐릭터 mbti 정도? (전에 심갤에 비슷한 글을 올렸는데, 일본 야동 등장인물 mbti도 있었음ㅎ)이렇게 일본에서의 mbti에 대한 인식이 우리나라에 비해 많이 저조한 것 같더라. 심지어 저 글들은 2019~2020년에 올라온 글이라 최신순으로 돌리면 정보의 양은 더더욱 가뭄 상태...마지막에 있는 순위는 일본 내 연봉이 높은 유형이 무엇인가 라고 쓰여있는데 엣프제가 3위를 기록했네 (공신력이 있는지는 모름) 해외취업을 고려하는 엣붕이가 있다면 코로나 끝나고 일본으로 날아가버려  "
1078,"
 영사관!   "
1077,"
ㅇ  "
1076,"
ㅜ 난 아닌거 같아 "
1073,"
다음엔 자막 안힘들게 만드는 법 익혀야지 "
1072,"
ㅈㄱㄴ  "
1071,"
이 짤과 글 볼 때마다레알 저격 마렵다가 별 내용 없는데 왜 자꾸 지건이 마렵지 내가 심술병 걸렸나 엣프제도 F라서 어글이 끌리는건가 한참 생각했는데엔프피였구나 납득 "
1070,"
압도적..감사..  "
1069,"
오우야ㅋ "
1068,"
지금은 남친이 됐는데 너무 확신을 안 줘처음 만난 날 술 마시고 걔 자취방 가서 잤어.할 기회가 몇번 있었는데 상대가 나 오래 보고 싶다고,사귀지도 않는데 자면 길어야 한두달 연락할 거 같다면서차라리 자지 말고 내 입시 끝나기 전까지 가끔 노는 사이 어떠냐고 제안했어. 만약 우리가 지금 자면 길어야 한두달 연락할 거 같은데, 안 자면 적어도 세달은 연락할 거 같다고.사귀자는 의미로 말한 건 아니었어.나도 상대가 좋고 걔도 날 좋아하는 마음이 있는데서로 연애하기 싫은 마음+상황 때문에 망설이다가내가 먼저 사귀자는 말 나오게끔 유도하고 사귀게 됐어.관계는 서로 성병검사하고나서 하기로 했어.상대가 확신을 안준다 생각하는 이유1. 사귀기로 얘기나눈다음 자고 일어나서 우리 무슨 사이냐고 물었더니 서로 좋아하는 사이라고 하더라.. (관계는 안 맺었음. 사귀기로 하고 둘 다 취기+피곤해서 바로 잤어)왜 애매하게 말하냐니까 애인사이라고 정정하던데 끝까지 애매하게 말한 거 아니라고 잡아떼더라.2. 갑자기 나한테 ""나랑 파트너하고 싶어?"" 물어봄..내가 섹파 있었던 거 알아서 그랬을 거야. 심지어 얘랑 연락할 때 파트너가 있었던 거임 물론 금방 쫑난것도 알아. 파트너 관련 고민상담으로 알게 된 사람이거든. 이미 사귀기로 한 건데 저렇게 묻길래 내가 역으로 넌 어떠냐 했더니 자기는 내가 좋아서 하기 싫대.3. 내가 파트너 있었던 거 아니까 나랑 만나기 전까진한번 자보려고 작업멘트 엄청 쳤음. 본인도 인정하더라만나기 전까지는 잘 생각으로 그런 거 맞는데 만나고나서 생각이 변했다고. 만약 날 소개팅 상대로 만났다면 나 많이 좋아했을 거라고. 이렇게 알게 된 게 아쉽대.4. 카톡 칼답 거의 안 해 아무 것도 안 하고 집에 있을 때도 기본적으로 10~30분에 한번씩 해.5. 서로 겹지인이 없어서 우리가 연애하는 거 걔 주변 지인들은 모름.본인 입으로 정이 많댔는데나랑 계속 자고 싶어서 연인이란 명목하에파트너로 생각하고 있는 건 아닌지..내가 사귀기로 했는데 왜 관계 안 맺냐니까지금 말고 나중에도 할 수 있고, 나도 성병문제에 민감한 편이고 자기도 성병 걱정 되는 게 있어서 그렇대.- dc official App "
1067,"
내 남친은 기본 연락텀이 10-20분인 거 같은데..칼답하는 경우는 거의 없어그리고 주 1~2회정도 보는 거 선호하는 것 같은데성향차이라기보단 마음차이야?- dc official App "
1065,"
이-하!  "
1064,"
요즘 세상이 참 이상해진게,사회생활을 하며 기본적으로 지켜야 될 약속이나 예절은당연히 그만한 이유가 있기 때문에 오랜 기간동안 사회적으로 자리 잡고 있다고 생각하거든.근데 그걸 제대로 지키지 않고, 무조건 탈피하려는 사람들한테 그것보다는 이렇게 하는게 낫지 않을까? 하고 좋게 돌려말해도 꼰대 소리 듣게 되는게 참 뭔가 잘못된 것 같음.나도 물론 자유롭고 수평적인 관계를 더 추구하는 편이지만,서로에 대한 기본적인 예의를 먼저 갖추는 것이 우선이라고 생각함.본인 꼴리는대로만 행동하고선, 그게 본인 스타일이다, 존중해달라는 식으로 애써 자기합리화하며사는 꼴통들이 주변에 생각보다 있다는게 참 안타까울 따름..나도 알바나 대외활동 한 경험으로 여러 유형의 사람들 만났지만 조언도 귀담아 들을 생각 없는 애들보면 괜히 또 오지랖부리는 젊은 꼰대니 뭐니 소리 들을게 뻔해서'그래.. 언젠간 어디서 크게 한번 데이겠지' 하면서 그냥 그때부터 신경을 아예 안 쓰게 됨  "
1063,"
배려심 많고 사회성 좋은데내 친구들한테 관심이 많아내 인스타 팔로잉 목록 눌러서 하나하나 보기도 해서왜 그러냐니까 내 친구들이 궁금하대그리고 내가 친구 얘기하면 따로 걘 어떤 애냐고더 묻기도 하는데이게 성향인 건지 아님 바람기인 건지...- dc official App "
1062,"
https://www.youtube.com/watch?v=b-I2s5zRbHg리햅보다 이 노래가 더 좋음  "
1060,"
잇프제에요  "
1058,"
옛날 얘긴데 중딩 때부터 알던 놈 하나가 통수를 거하게 쳐서 병까지 날 정도로 고생하던 적이 있었음이걸 스터디 클럽에서 별로 안 친한 사람 하나를 붙잡고 하소연을 한 적이 있는데들은 사람이 말하길, 그렇게 이득이 없는 사람을 왜 붙잡고 있느냐는 말을 하더라.지금 생각해보면 그 말 뜻이 통수 맞고 이래저래 괴로운데도 득이라도 없으면 왜 집착하느냐는 뜻인데이걸 나는 ""이득이 없는 관계를 잇지 말라""라는 뜻으로 오해함.그래서 인간관계에 이해득실을 따지지 않는 자기 자신에 대한 자책으로 이어짐.사실 모든 인간관계를 이해득실로 따진다는 건 현실적으로 불가능하긴 하더라.일단 그렇게 안살던 사람이 갑자기 그렇게 생각하려니까 사람이 피곤해지고 심리적으로 답답해짐.근데 좀 재수가 없었던 건지 뭔가 베풀면 돌아오는 건 바라지도 않는데베푼 놈이 통수를 치는 경우가 많아서 이해득실이고 나발이고정이건 뭐건 베푸는 것에 대해서 좀 많이 망설이게 됨.굳이 내가 베풀 생각이 없었더라도 하다보면 그렇게 되는 상황도 와서 베푼다>베푼 놈에게 통수 맞는다이 공식은 여지 없더라.어디가서 그런 걸로 징징대진 않지만 속으로 감정은 다 가지고 있고.타산적이라는 게 부정적인 의미로 쓰이는 것 같던데나는 좀 나 자신이 타산적인 면을 길러야 한다고 생각한다.자기 자신이 억울한 마음이 좀 안 들게.솔직히 말하면 이꼴저꼴 다 보는게 진절머리가 나서 인간이고 나발이고 다 사양하고 싶지만어디 산골에 처박히지 않는 한은 불가능하고 성격도 생각보다 그렇게 건조하지 못해서 문제다. "
1057,"
원래 광장히 하이텐션임? 이건 좋은데 하이텐션에 발랄한거에 비하면 또 막상 전화하고 카톡하면 자존감이 높은거 같진 않음 원래 그럼?글구 어떤 대화하면 좋아함?- dc official App "
1056,"
논리는 또 다른 논리에 의해서 쉽게 격파 당하니까.그런 불완전한 것에 쉽게 믿음을 준다는 건 애초에 속이기도 쉽다는 뜻도 됨.차라리 원리에 더 관심이 많음.원리는 그 자체에 정의란 건 존재하지 않지만그럴 수 밖에 없는 결과를 내뱉으니까. "
1055,"
에스컬레이터에서 걷지 말라고 하는데도자기들 걸어서 지나갈 자리 안 빼준다고 지랄하는 것들이 대다수인 나라인데 무슨 "
1054,"
뭔가 사회적인 약속이나 국룰같은걸 탈피하려는 사람들 보면말로는 ""그럴 수 있지"" 하는데 머릿속으로는'왜,,,? 왜 저렇게 말하지,,,? 왜,,, 왜 저러고 싶어하지,,,?'이러면서 물음표로 점령당함친한애들한텐 진짜 돌리고 돌려서 내가 생각하기에 더 나은 선택지 얘길 하긴 하는데,,, 뭐 암튼 그럴 때마다 내가 너무 꽉 막힌 사람같아서 속상쓰근데 엣티제는 더 심하긴 했음,,^^ "
1053,"
enfp랑 데이트 하고오면 항상 답답한데 내가 왜 답답한지 이유도 모르겠다애인보다 친구들 만나는게 더 좋다내 사람이면 다 퍼주는 스타일인데내가 남친을 별로 안좋아하는건지퍼주고 싶다는 생각이 안든다망한건가 "
1052,"
원래 엣프제가 말많고 인싸고 잘 베풀고 배려 잘하는 이미지고 인팁 잇팁은 말 없고 밖에 안 나가고 남 눈치 안 보려고 하는 이미지잖아 근데 얘네들이 만나서 반대 상황이 되면 어떻게 되는거냐? 엣프제가 말 없고 사람 만나기 싫어하고 눈치 안 보고 인팁 잇팁이 말 많고 잘 베풀고 배려 잘하는 거 아 근데 잇팁은 원래 눈치는 좀 있구나 따르지 않는 것 뿐이지  "
1051,"
https://www.youtube.com/watch?v=NI6aOFI7hms "
1050,"
 "
1049,"
최근에 간 전시회에서  오묘한 느낌을 주던  한 작가의 작품입니다  "
1048,"
굉장히 적극적이고 하고싶은것도 많고 계획도많고 공감능력도 높아서 놀랬음 전에 만났던 인팁이랑 너무 정반대였음 근데 너무 활발하니 기빨리는 느낌도 있는듯  "
1047,"
이건 좀 안 맞는 듯https://yalpmdti.com/ "
1046,"
너무 적극적이라 부담  "
1045,"
좋은하루 보내시길  "
1044,"
별 관심은 없어도  자주 보이니까 눈에 익었는데 니네들은 항상 ""날 좋아해주면 정을 주겠다"" 라는 말을 자주 하더라 나는 아무리 누가 날 좋아해도 내가 안 좋아하면 의미가 없던데 말버릇은 엣프제가 따뜻하다던데 속내는 엣프제들이 더 차가울 수도 있을 것 같아보임  "
1043,"
https://www.youtube.com/watch?v=co6WMzDOh1o "
1042,"
뭔가 인프피가 하는 두루뭉실한 떠다니는 말들을엣프제는 현실에 적용시켜서더 따뜻하게 말해주는 거 같음 "
1041,"
나는 고민상담을 엄청 잘 해주는 편인데정작 내 얘긴 쉽게 못하는 편이라우울하거나 힘들때 노래를 많이 듣거든~https://youtu.be/_7LIjg8iRcc밤에 듣기 좋고 가삿말이 따뜻한 노래야~!이거 들으면서 다들 꿀잠자~그럼 엣나잇이야~!~! "
1040,"
? "
1038,"
https://youtu.be/9xI5jcdaAnw 밤엔 음악이지  "
1037,"
제목 어그로 ㅈㅅ ;;다들 오늘도 좋은 하루 보냈니?며칠 전 엣프제갤은 찾아오는 사람이 항상 정해져 있어서정적인 분위기였는데 그래도 누군가가 있고 활동을 한다는 것만으로도 분위기 차이가 이렇게 다르구나 라는 걸 새삼 깨닫는다그리고 현재의 엣프제갤 분위기가 제일 좋은 것 같다.내 동족 유형 갤은...정말 가끔씩 이상한 놈들이 글 올리는 거 보면 동족 혐오가 치솟아서 그 뒤론 안가ㅎ 지금의 엣프제갤의 분위기가 딱 좋은 거 같다. 지금 이대로 분위기만 유지해도 좋을 거 같아.사진은,아까 공부 다 하고 답답해서 산책 다녀오면서 찍은 사진이다 ㅎ심갤에는 이미 몇번 이 곳 사진을 올려서 엣프제 갤에도 공유하고자 올렸다ㅋㅋㅋ 잡소리가 길었다. 아무튼 프제들 오늘 하루도 수고 많았다~!   "
1035,"
자신이 키우던 애완동물이 부주의로 다쳤는데그걸 그 자리에서 대처를 안하고 오또케오또케만 하다가다른사람이 팩트로 후려갈겨서 책임감을 강요하는 경우인데당장 발등에 불떨어졌으니 해결책을 제시하고 행동하라는데아주 역정을 내더라고 단순히 상황이 어떻고 해야할 행동이 무엇인걸 설명해준건데말야애완동물을 걱정하고 있는 나의 마음을 몰라줘서 짜증남? "
1034,"
궁금해- dc official App "
1032,"
맨날 이웃 관심 안 가지다가말 걸 땐 이런 이유로 항상 따지니까 그런가 본데진짜 남 신경 안 썼으면 이러고 다녔음 저런 거 입고 싶은데 남들이 관심 가지는 건 질색이라 욕구불만 가득.. "
1031,"
웹툰, 유튜브, 짤 등등 싸그리 전멸이네 "
1030,"
왜 엔-모닝이냐고? 내가 엔프피니까 엔-모닝인거지 엣헴어제 밤에 갑자기 폰이 맛탱이가 가서 얼른 그냥 잤는데 덕분에 잠도 푹 자고 컨디션 최상이다 오늘도 좋은 하루 보내렴~! 몸이 안좋은 친구가 있다면 병원 가서 한번 진단 받아보고 ㅇㅇ "
1029,"
심테 할 때마다 이 항목에서 항상 막히는데당사자가 그걸 어떻게 알아 "
1028,"
그렇더라  - dc official App "
1027,"
""엣프제 18%"" ""엣프피 30%""  "
1026,"
지극히 평범한 대화  "
1024,"
https://www.youtube.com/watch?v=j0lSpNtjPM8 "
1778,
1021,"
엣프제로 다 뜨는 사람은 외향성90이상일거임  "
1020,"
줏대없이 이것저것 나왔구먼하지만 이런 모습도,,, 어쩌면 우유부단한 엣프제의 일부분일지도,,,? "
1019,"
실친 엣프제 친구도 그렇고, 여기 갤의 엣프제들도 그렇고 항상 좋은 말로 다가와주고, 상대방에게 배려해주는 마음 덕분에 언제나 좋은 점도 많이 얻고, 배우고 가는 점도 많은 거 같아 다들 사랑한다~^^ 놀리는거 아니야 진심ㅋㅋ이 글을 볼 주딱도 알긋냥 "
1013,"
estj인데 놀러와봄우리 갤이랑 분위기 좀 달라서 신기하네 "
1012,"
정말 저랑 안 놀거에요???우리 바다같은 마음씨 갖던 엣프제씨가 왜이러실까  "
1011,"
좋은데  "
1008,"
https://sakinorva.net/functions여기 들어가서 검사 받아~!!  "
1007,"
엣프제가 파란계통이라 민초를 할 수 밖에 없었다 이해해 주라 피스타치오로 생각해도 된다..  "
1006,"
올해초엔 infp였는데 esfj로 바꼈노.. "
1004,"
어딨어 "
1003,"
까도까도 더한 매력이 나와서 양파~? 훗훗  "
1002,"
https://www.google.com/url?sa=t&source=web&rct=j&url=https://vegetabletest.netlify.app/&ved=2ahUKEwiTo_7mv4fxAhW8L6YKHUHtAxoQFjAAegQIAxAC&usg=AOvVaw3HyVCZWnulJJ2z72qOxZJ1&cshid=1623136997308맞는 것도 있고 틀린 것도 있는 것 같군요~ "
1001,"
https://youtu.be/FZnW6A2k9tw  "
1000,"
ESFJ갤 1000번째 글이다  ㅊㅊ엣프제 갤 흥해라~!!  "
999,"
전에 타갤 글 염탐했을 때 발견한 짤인데 점원이 나를 단골로 인식하는 순간 불편하다고 생각한다는 사람들이 좀 있더라고 (인티제갤)난 오히려 점원분께서 날 알아봐주네? 하고 신나서 자주 갈텐데이것도 유형별로 느끼는 바가 다를까  "
998,"
여기가 내 친구들이 있는 곳이야?ㅋㅋ "
997,"
엣프제라서 우유부단함 베이슨데 자아도 신중형이 92라 그냥 좃밥 눈치순이임 "
996,"
하루에 7개 올라와도 경사였던 그 과거의 엣프제갤 맞습니까 엣프제갤의 발전을 다시한번 축하드립니다  "
995,"
진짜 신경 안쓰면 쓸데없는 관심 엄청 주고 지랄함  "
994,"
저번달엔 n52프로로 엥뿌제였는데 이번에 한건 s51프로로 엣푸제임 ㅋㅋㅋㅋ  - dc official App "
993,"
그래서 어릴 때 다리 밑(개천)에서 살려고 몰래 헌이불 주워오고 아지트 만들려다 붙잡혀 끌려왔음   "
992,"
엣프제 친구 갖고 싶다니네 참 멋있어 "
990,"
헐 이게 무슨일이야 이 갤이 살아난다니  - dc official App "
989,"
https://www.youtube.com/watch?v=_ydMlTassYc놀리는거 아니고 ㄹㅇ 감동적이네 ㅋㅋㅋㅋ  "
988,"
질문말머리글만 수두룩 그와중에 답글 준내 다들 정성스러움 무시무시하다  "
986,"
원래 이게 맞는건데 뭔가 잘못되어가긴 했었어 나혼자 있던 그시절..  "
984,"
흥갤 가자 흥갤! 앞으로 댓글 더 많이 달아줄테니 많이 놀러와줘,,,^^ "
981,"
애매한 나이때문에 대학가면서뭔가 조장, 과대 이런거 자꾸 하게되었거든??진짜 그때 사람 가장 많이만났을때였는데사람이란게 대부분 패턴이있더라구.어떻게 대하면 좋아하고 얜 나랑 안맞는타입이고이런 안목이 생김.나서는타입도 아니었는데 꼴에 형이라고 주도했던게사회나가서 도움이 되긴함.먼저인사도 못하던 나였는데..... "
980,"
개소심충이 몇년만에 탈바꿈됨. "
979,"
다들그럼?플스4 팔았는데 분명히 팔때 충분히 싸게 올렸으니까 가격제안 안받으려고 맘 먹었는데 자기 유부남인데 용돈타서 사는거라고 하니까 깎아줄 수 밖에 없더라 .... "
978,"
왜들 갑자기 관심이 집중되나 했네 "
977,"
장점 : 한 번 나갔다 오면(동네마실 말고 최소 버스 정돈 타고 2시간 이상) 기운 빠져서외롭다는 생각이 전혀 안 듬.휴대폰에 채운 mp3를 감상함.집근처 잡년들을 잠시 잊을 수 있음.단점 : 온갖 잡놈들을 접하느라 긴장감 때문에 불쾌지수와 피로가 올라감. 허리 아픔.접근하는 놈, 스치는 놈, 길빵하는 놈 눈 앞에서 팔을 휘젓는 년 등등을 전부 패고 싶다는 생각이 듬.속으로는 반도에 리틀보이 하나 떨궜으면 함혼자 있을 때 생각했던 온갖 자기개발 계획이 백지화 됨(힘들어서)돈이 더 많이 새어나감.오랜만에 냉동 삼겹살 1근 샀는데 9천원으로 오른 거 보고 물가 실감함.(국내산 아님. 싸구려)울 엄마만 세상 물가 모름.맨날 고구마만 먹는 사람이라 다른 식구도 다 그렇게 살아야 되는 줄 알아서옆에 같이 있으면 아사하기 딱 좋음. "
976,"
https://gall.dcinside.com/mgallery/board/lists/?id=pstest 이곳에서 노시면 됩니다 밤이 되어야 북적북적해지는 ㄹㅇ현생갤임  "
975,"
생활력 좋고 주변사람 잘 챙겨주고 아껴주고 상대방 배려해주고 섬세하고 사람들 감정에 예민하다보나 가끔 상처도 받는 엣프제 너무 귀여워... 참새같음 "
974,"
? "
973,"
그냥 팔자대로 살아야지 고민해봤자 답도 안 나오는데머리 뽀개지겠다 "
971,"
https://youtu.be/LC7-opq4Gik "
970,"
공감능력 박아버린것같은데 어떻게 해야하냐? "
969,"
근데 왜 정의지?당연한 줄 알았는데 생각해 보니까 이상하네 "
968,"
https://youtu.be/Cwkej79U3ekhttps://youtu.be/-RNG_tTXXcg?t=50(50초부터)화이트칙스에서 여주가 헬창흑인한테 엿맥이려고 일부러 튼 곡인데 헬창이 하필이면 이 노래 팬이었음 "
967,"
미국의 어떤 뉴스 기사에서10대 소녀한테 임산부 관련 카달로그지가 와서부모가 화가 나서 통신판매회사에 소송을 걸었는데그 회사 AI가 그 소녀가 구입한 물건을 데이터 베이스로 날짜를 측정해서이쯤이면 임신할 것이고 거기에 맞춰 상품을 소개해야겠다고 생각해서 카달로그지를 보냈다지?mbti는 결국 데이터베이스의 산물이다.인간도 인공지능보다 조금 더 복잡할 뿐 반복적인 패턴을 구사하고거기에 맞춰 어느 정도 미래를 예측한다는게 가능한다면자비스같은 AI를 만드는 것도 꿈이 아니란 거특히 나같은 경우는 정해진 시간에 정해진 장소에서만 움직이는 특징이 있어서AI가 데이터를 수집하기 가장 좋은 떡밥일거야그래서 나를 모델로 Ai를 만들어보고 싶다근데 문제는 내가 잇팁임잇팁의 최대이자 최악의 약점 : 실행을 귀찮아함 "
966,"
ENTJ 여자 어떤가요 "
965,"
https://www.youtube.com/watch?v=NmeaLvaU77Q예야  "
963,"
안녕히개새오  "
961,"
단톡방 팠거든? 네명인데 네명 다 e고한명빼고 esfj임..;; 네명 다 저래서 암말 없어도내가 굳이 안나서도 되겠네 하는데 어느순간 다 미친새끼들 되어있음 "
960,"
https://youtu.be/ZzbNM2l-AAA글 좀 쓰래서 올립니다   모두들 안녕~  "
959,"
https://www.youtube.com/watch?v=TR3Vdo5etCQ "
958,"
주딱이 글쓰는것보다 더 슬픈건없어  "
957,"
엣프제 굿모닝~! 오늘도 쫀 하루 보내요~*^^* "
956,"
회사 내 회식, 동아리 모임 기타 등등그러고보니까 나 여자 만날 때도 자취방에서 둘이 드럽게 어색했는데재주도 좋게 만나고 다녔네 "
1778,
955,"
https://youtu.be/bgxN55ULp_w이 노래가 ""엑소""보다 먼저 나왔음 "
954,"
https://www.youtube.com/watch?v=hWOB5QYcmh0오  "
953,"
또 305호인가?취업 못한 아들 붙잡고 지랄 존나 하던데그 집 아들도 언젠가 갑자기 와서 왜 집에 없는 척 하냐고 나한테 자기 면접 가야 되는데 시발시발 거리더라그거 듣고 내가 속으로 어쩌라고 싶었음첨 보는 돼지 새끼가 왜 갑자기 나를 불구대천의 원수 취급을 하나 해서 고소빵 갈기려고 했는데 귀찮아서 방치 "
952,"
발 전 했 다!  "
951,"
말 좀 해봐요 엣프제들,,,, 똑똑,,,? "
950,"
나는 나를 너무 사랑해  "
949,"
저의 이상형은 인프제 입니다~FJ 성격을 좋아하지만  감각적 사고에만 갇혀있고, 밖에 나가기만 좋아하는 외향형에이프런 ESFJ는 제 취향이 아닙니다!   "
948,"
 "
947,"
뒤지세요 인프제 극혐! "
946,"
엣프제로 나와서 와봄ㅋㅋ  "
945,"
지금 여기서 글 쓰는 것도 일종의 사회화라고 본다. 사람을 갈망하는 커뮤니케이션 행위.근데 여태까지 살아오면서 타인과 엮어서 별로 좋은 일을 본 적이 없어.나만 관심 끊으면 그만이라고 생각하고 달아나도 결국엔 사람하고 엮이더라.그것도 듣도보도 못한 사람하고도.종합적으로 그것들이 휩쓸고 지나간 자리엔 남는게 하나도 없어.사람 좋아하는 엣프제한테는 이해 안되겠지만나는 아냐. 산 속에 처박혀 있지 못하고 도시에 아직도 남아있거나인정욕구가 가끔 생기는 것도 사람을 갈망하는 마음이 개코딱지만큼 남아있어서 그런 거라고 생각함그리고 그건 대단히 시간낭비적이고.별로 타인에 대해 지대한 관심이나 애정이 없는 건 사실이지만타인이 자꾸 내 관심을 끌려고 집적대는 것에 신경이 쓰이는 건좋은 사람이 되고 싶다는 의미 같아 보이거든.그게 존재의 의미고.근데 좋은 사람이란 건 타인의 변덕만 생기면 얼마든지 나쁜 사람으로도 될 수 있는 거고결국엔 그것도 타인에게 의존할 수 밖에 없는 거니까 의존=타인에게 비굴해야 함.나는 그게 너무 싫어.하고 싶지도 않은데 어쩔 수 없이 해야 하는 일들은 대부분 사람이 엮여 있어서하기 싫어도 해야 돼. 생계를 위해서 미소, 친절, 교양, 용모단정, 학력을 쌓아야 되는 것도 마찬가지고.내가 관심 가지고 싶지 않은 것들을 배려해줘야 되는 것도 싫어. 아이, 노인 같은 것도. 아이랑 노인들은 점점 갈수록 포악스러워지는데 왜 나만 이해해줘야 하는지도 모르겠고.쉽게 요약하면 사람에 대한 관심을 아예 끊어버려서 나중에 고독사 하게 되더라도""어쩌라고 그러든지 말든지"" 이러고 싶다고.그럼 쓸데없는 데에 시간낭비 하거나 감정을 소모하는 일은 없을테니까.내가 세상을 바꿀 순 없으니까.근데 불행하게도 이 세상은 병원 하나 입원하는데도 보호자 사인을 필요로 하더라.도저히 혼자 살 수 있게 내버려두지를 않아. "
944,"
N으로서의 삶 : 통찰력이 약간 늘어남. 그것 뿐임. 아이디어는 떠오르지만 그것들이 모두 쓸모있다는 보장이 없음쉽게 외로워지거나 불안해지기 쉬움S로서의 삶 : 눈치가 약간 늘어남. 자극을 지나치게 추구해서 쉽게 무료해짐. 외로움은 덜 느낄 수 있음. 쉽게 귀차니즘에 빠짐.근데 슬슬 mbti도 바넘효과 같다고 느껴지는데 기분 탓인가추가로 N으로서의 특징 하나 더 : 왜요? 납득이 안되는데요? 이 소리 했다가 한 대 더 맞거나 욕먹을 위험 다수S로서의 특징 하나 더 : 어떤 사실에 대해 의심력이 낮아져서 대미지를 입을 가능성이 높아짐 "
943,"
엣프제는 자기 정체감 상실에 빠지냐? "
942,"
안뇽 "
941,"
ENTP vs INTP=살아 있는 열정 ENTP vs 오락을 위해 사고를 하는 INTPENTP의 승리ENTJ vs INTJ=정신력, 행동력 마스터 ENTJ vs 논리, 비전 마스터 INTJ간신히 INTJ의 승리ENFP vs INFP=창의력 대장 무지개 인간 ENFP vs 좌절감, 진심으로 사는 예술가 INFPINFP의 승리ENFJ vs INFJ=박애주의자 ENFJ vs 존재에 대한 고뇌 INFJ무승부ESTP vs ISTP=호랑이 vs 고양이이므로 호랑이 승리ESTJ vs ISTJ=컴퓨터 vs 로봇인데 당연히 컴퓨터가 더 멋있음ESFP vs ISFP=화려한 인생 vs 존나 인간적인 예술가무승부ESFJ vs ISFJ=친절갑 vs 엄마엄마 승결론: EXXX 3 vs IXXX 3이므로 무승부이며승자는 ENTP, INTJ, INFP, ESTP, ESTJ, ISFJ이다그러나 승자보다 위대한 것은 밸런스형 인간 XNFJ, XSFP이다 "
937,"
한글자만 바꿀수 있다면 뭘로 바꾸고 싶냐?나 entp인데 p를 j로 하고싶음한달짜리 일을 데드라인 2일 남기고 시작하면서 나는 쓰레기라고 생각해본게 한두번이 아님급식때 학식때 시험 전날 벼락치기는 기본이고 "
935,"
https://youtu.be/tFuw-YZaTNo "
934,"
오히려 내가 본 f들이 더 비감정적으로 굴던데 공감능력 개발살났고  "
933,"
감정을 표현해달라. 너를 표현해달라, 알고싶다 계속 버튼 눌러대길래어느순간 나도 조금씩 오픈하고 내 감정을 표현하기 시작함근데 얘는 감정을 표현하면 진심으로 공감하기보단 세상 인자한 표정 지으며 '우쭈쭈 그래쪄요?' 하는 가소로운 표정 짓고있는거 보고 정떨어져서 손절함진심 뼈속까지 꼰대들..너네 설마 다 그러냐? "
932,"
이렇게 날씨 좋은 날은 얼른 나가 뛰어 놀아야지 엣프제들이 뛰면 에이프run 어엌ㅋㅋㅋ엣프제들은 약속 잡거나 어디 갈 때에도 꼭 계획을 세우는 편임? 아니면 그냥 뭐 나가면 어떻게든 되겠지~ 하면서돌아다니는 것도 좋아하는 편인가?  "
931,"
일반화할 순 없는데 내가 아는 esfj들은 핵인싸에 항상 뭔가 같이 하자는 권유를 잘 하는 것 같아 이성이든 동성이든... 만나는 esfj마다 느껴져서 놀라는 중이야. '나중에 이거 같이 해보자!' 라는 말 esfj에게 정말 많이 들었어.그래서 날 좋은 사람이라고 생각하니까 그렇게 이것저것 권하는 건지, 아니면 예의상 습관화된 호의인지가 참 헷갈려esfj들의 이 친절에 나도 적극적으로 화답해야 하는 건지, 누구에게나 이런 사람들이니 의미부여하지 말아야 하는 건지... 생각이 많아지는 infj는 오늘도 힘들다. 엣프제들 어떻게 생각해? "
930,"
https://www.youtube.com/watch?v=RHL6QHTg0Pk   원작: 이건 사랑에 대한 노래예요 디즈니: 아니야 싸이코용으로 써먹자  "
928,"
https://youtu.be/3OvYaHtr1DI "
927,"
https://poomang.com/Cruella?c=9&kc=999 "
926,"
https://youtu.be/BVA3GQpYtoM이거 볼 때마다 생각함어떻게 저렇게 다양한 생각을 하나창의력 바닥난 파워 s로서 넘 부럽 "
925,"
좋은성격인듯 "
924,"
갤에 없고 현생살거같음 ㅋㅋ난 istp  "
923,"
비오면 옆집 미친년들 안 나돌아서 편리하긴 하지만 그것도 여름 아닌 계절 한정이겠지최소한 싱잉인더레인 같은 건 안 뛰어잇팁은 노관심이겠지 "
922,"
https://youtu.be/LYU-8IFcDPw "
921,"
뭐냐? 다 이런겨?  - dc official App "
920,"
일단 다른 갤러리처럼 음담패설 없는것도 좋음 ㅇㅇ 글 별로 없는건 아쉽내가 들으면 기분 나쁘니까 남들한테도 나쁜 말은 잘 안하게 되서 그런가 싶음난 27남잔데 게임이나 그런거에 목숨걸고 감정조절 못하는 사람들 이해 못하는 편임. (운전제외)물론 내가 게임을 못하는 것도 있지만 졌다고 이게 뭐라고 화내고 부모님 안부 물어보고 댕기고키보드 존나 때리고 피씨방에서 소리 지르는 새끼들 갠적으로 존나 이해안됨. 난 즐겜러라내가 성격상 애들은 잘 챙겨주고 얘기 잘 들어주는데 부작용이학생때 부터 알던 애들이랑은 살짝 거리가 생김 ㅇㅇ너무 사람이 선하게 다가가니까 나한테 장난을 잘 안치더라지들끼리는 패드립하고 섹드립하고 엉덩이 발로 차고 노는데 나랑  따로 있을때는 그 사람도 사뭇 진지해짐. 물어보니까  내 분위기라던지 행동이 장난을 치면 안될거 같데 해 떨어지고 같이 술 마시면 서로 그딴거 없어지긴 함. 그러고 거리 있던 애들도 존나 친해짐지금은 나이도 있으니 이게 편하고 좋은데 아직도 주변에 저러고 놀고있는 친구들 있음ㅎ "
919,"
여기 애들이 글 쓰는거 보니까  다 그 사람같은 느낌이라  웃음나오면서 더 보고싶어졌어..   "
918,"
일단 사회적인 내 지위? 주위 평판을 너무 신경쓰고 눈치봐.. 그래서 진짜 맘 놓고 누굴 좋아해본적도 없고 사랑에 푹 빠져서 미쳐본 적이 없음.. 주변에선 내 성격 유들유들하고 좋다고하는데 남자친구한텐 그렇게 하기가 어렵다 왜냐면 내가 주변 지인들한테 애교부리고 잘해주고 챙겨주는거 솔직히 가식 80 진심 20 이라서 ... 뭔가 남자친구한테까지 그렇게 하긴 싫고 그렇다고 쉽게 사랑하는 마음이 생기지도 않고.. 어떡하지 ㅠㅠ 정말 사람들 눈 너무 신경쓰고 ㅠㅠ 그런게 싫은데 안 고쳐져.. 그리고 맘 놓고 누군가를 좋아하는게 어려워ㅠㅠ 나도 모르게 재고 따지고... 사람 좋아하고 금사빠인애들 부러움 뭔가.. 나는 남자 사귈 때 그냥 기준 자체가  "" 내 부모님이랑 친구들한테 당당하게 소개시켜줄수있는 남자"" 인데, 그래서 키 얼굴 학력 다 보게되고,, 그래서 성격은 뒷전이고,, 그렇네ㅠ 횡설수설이지만 나 같은 성격인 사람이나 그랬는데 바뀐 사람 조언 좀 ,, "
917,"
https://youtu.be/Xn599R0ZBwg "
916,"
영화관에 광과민증 환자들은 조심하라는 경고문 있음플래시랑 롱테이크 장면 때문에 그런 모양인데어쨌든 영화는 존나 화려함. 옷 좋아하는 사람들은 개쩔어할 듯근데 감독이 한드 엄청 봤나 봐 갑자기 출생의 비밀이 왜 나옴?여튼 영화 테마가 빌런 대 빌런으로 기대했는데그냥 트롤링 잘하는 선이 악을 이긴 디즈니스러워서 아쉬웠고순수했던 에스텔라와 악마 크루엘라 사이에서 정체성을 잡는게 포인트인데디즈니답게 그런 심오한 거 없고그냥 머리 잘 굴리는 천재가 트롤링으로 승리하는 내용임딱 봐도 크루엘라는 아무리 악당이 될만한 동기가 넘쳐도 선을 안 넘음.그런 여자가 왜 나중에 101 달마시안에서 달마시안한테 집착했는지 의문임.여튼 그래도 오락영화라 그런지 배우들 연기력 쩔고 표값은 아깝진 않더라.킬타임용으로 보기 적절함.영화 초반에 평범하게 살라고 강요 당하는 에스텔라한테는 좀 감정이입함.나도 그런 강요 존나 많이 당하고 살아서.아 맞다 디즈니답지 않게 뮤지컬 장면은 없음OST는 쩔지만 이 부분은 디즈니스럽지 않더라 "
915,"
문제는 둘 다 거의 식물인간 수준의 글리젠이라는 거임. 슬프다....  - dc official App "
914,"
무드등같은것도 좋아하려나  "
913,"
왜 이 갤은 흥갤이 아닌가..... 다들 인싸라 놀러 나가고 갤질을 안하는건가 mbti에 신경을 안쓰는건가.  - dc official App "
912,"
성폭력은 여자가 약해서 물리적으로 당하는 거고 실질적으로 당하는 게 없대(?) 사자가 사슴 먹는 것처럼 남자는 좆이 고파서 여자 따먹는 거라고 성욕=식욕이라고 하면서 성욕 있는 여자가 남자를 덮쳐도 강간이 아니라고 함. 남자는 여자를 성으로 착취하는 거고 그 착취 당하기 전에 여자는 남자를 착취한대. 뭔...연애가 착취야?  - dc official App "
911,"
현실주의 97%나옴 "
909,"
ENFJ? 랑 Intp?랑 뭐 이상한거 나왔는데 약간 아리송 햇거든  근데 이건 진짜 나랑 맞는거 같아 줏대없고 주변에 잘 휩쓸리는거 배려?많은거 동정심 많은거 좋아하는거에 헌신하는거 사람들 챙겨주는거  칭찬 받고싶어 하는거 자기미화 하는거..? 그리고 주변시선 의식 엄청하는거 일 그만두고 싶을때 인간관계 스트레스 받을때라는거 <-- 이거 개 공감ㅋㅋㅋㅋㅋ 일적으로는 스트레스 받는거 하나도 없는데 주변 사람들 마음에 안들면 출근 자체가 싫어 ㅠㅠ  신기해 엄청 ㅇㅇ 근데 나는 진짜 아싸임 걍 친구 몇명없고 모쏠..... 이잉  "
908,"
오색 야채는 뭐야  "
907,"
보지자지섹스 거리는 거없어서 좋아.발정난 새끼들 멍청한 소리 안봐도 돼서 너무 좋음. "
906,"
가볍게 이어진 인연이라도 그 간 쌓인 정 같은게 있어서 나한테 진짜 상처를 주거나 아닌거 같은 사람이 아닌이상 내가 먼저 연 끊는게 너무 어려운거같애 게다가 내가 금사빠 라서 혼자 좋아하고 상대는 나 안 좋아하는걸 느껴도. 거기서 끝을 못 내고 미련가지다가  상처 받고 혼자 끙끙댐...   "
904,"
조금이라도 연락의 여지가 있으면그 사람이 사과하거나 잘못했다고 빌 때마음 약해질까봐 그럼?일단 난 그러는데 다른 엣프제님들도 그런건지 궁금 "
903,"
평소에 집 주변에 마스크 안 쓰고 돌아다니는 늙은여자들 3명이 있음(평균 연령 6~70대)허가없이 텃밭 만들고 길에다 좌판깔고 고기구워먹고 하루종일 수다 떨고 복도 물청소한다고 밑집까지 물바다 만들어놓는말 그대로 ""여자 셋이 모이면 접시가 깨진다""는 속담을 충실히 지키는 늙은이들인데처음엔 따지기 귀찮아서 그냥 설렁설렁 내버려뒀는데 갈수록 가관이더라근데 내가 가끔 환기 하느라 창문 열어둘 때가 있는데(주로 식사 후) 그 때 우리집 개가 그 여자들을 보고 짖어댐.개가 눈치가 좀 있어서 주인이 누굴 싫어하는지 알아채고 집 주변에 누가 알짱대면 짖어대거든.나도 당한게 있어서 개한테 조용히 안 시키고 그냥 내버려뒀어.근데 이 미친년들이 개한테 이 새끼 저 새끼 욕을 하다가 나중에 죽여서 삶아버리겠다고까지 하더라?그러면서 지들은 마스크도 안 끼고 떠들고 다니는데 순간 칼들고 나갈까 했는데그건 참고 대신 경찰을 불렀지. 근데 경찰 새기는 와서 한다는 소리가 나보고 이웃끼리 공동이니까 좋게좋게 넘어가고참으라고 윽박지르더라?그러면서 부모 전번을 요구하길래 한참 성인한테 미성년자 대하듯이 부모 전번을 요구하길래나한테 그런 거 물어보지 말라고 했지그러니까 다른 사람한테서 번호를 알아냈는지 악담을 막 퍼붓는데날 정신병자 취급하고 처넣어야 된다고 그러더라?안 그래도 요즘 짭새들 성범죄 존나 많이 저지르고 근태 쩔어서 이미지 드럽게 안 좋던데뚫린 입이라고 못하는 말이 없네하여튼 왜 이렇게 뭔가를 참으면 더 나쁜 평가가 계속되는지 모르겠다.그냥 성질대로 내가 식칼들고 그 년들이고 뭐고 다 쑤셔버리고 절단내봤자감방갈게 뻔하니 하나마나한 짓이고입으로 밖에서 얼쩡거리지 말라고 해봤자 낮짝 두꺼운 년들이 들을리가 만무하다는 생각이 들어서 가만 있었는데개가 짖는다고 이젠 개한테까지 화풀이를 하네?병균덩어리 암컷 셋이 짖는 건 괜찮고 개 한마리가 짖는 건 그렇게 억울한 건가?성질 존나 뻗친다누구한테 얘기해봤자 이게 뭐가 해결이 되길 해 뭐를 해저 암퇘지들은 또 여기저기 떠벌려서 살 붙여서 소문 이상하게 퍼뜨리고 개지랄을 하겠지진짜 구질구질한 년들끼리 모여서 구질구질하게 사는 것도 모자라서 구질구질하게 염병 떠는 걸 보자니칼빵 진짜 마려운 거 오늘도 법 땜에 참네. "
902,"
실제 내성격이나 행동거지는 esfj 여자들이 원하는 남성상하곤 거리가 머네... 어케 맘에들수있지  "
899,"
여기 갤 완장 둘 만 빼고  "
898,"
평생 감수해야 되는 건가 "
897,"
외교관 유형이라더니 대화를 엄청나게 좋아하더라텍스트뿐이지만 내가 ‘ㅋㅋㅋ’만 쳐도계속 안끊기게 질문해주고 대화 이어나가는 능력이 매우 좋더라istp 유형이랑 잘맞는대서 한번 알아보려고 했는데, 모르고 봤으면 안맞는다고 생각할 듯 싶었다 esfj가 너무 외향적인데다가, 난 카톡에 목매는거 안좋아해서.. 여러가지로 어느 부분에서 잘 맞는지 잘 모르겠다는게 결론이당끝 "
1778,
896,"
내가 답장 늦게 안하고있으면 선톡오고 전화 자주 걸고 남들한테 안하는 얘기 나한테 많이 함  - dc official App "
895,"
나 더이상 즐길 게 없어서 참고 좀 하자 "
894,"
주변에 엣프제가 많은 엣프제사랑 잇팁이야최근 그 중 누군가에게 개인적인 안 좋은 일이 많이 이어져서(가족 관련..) 힘든 상황인데, 그 와중에도 힘든 티도 안 내고 나까지 챙겨주고 배려해줘서 너무 고마우면서도 안쓰러워...내가 옆에서 어떻게 해주면 심정적으로 도움이 될까...? 위로를 잘 못하는 편이지만 그래도 어떻게든 뭐라도 해주고싶어 "
893,"
https://youtu.be/Yh87974T6hk올드팝이라 관심 쥐뿔도 없었는데 갑자기 꽂혀서 하루 한 번 이상 브금으로 듣고 있음가끔 이럴 때 있음사람도 10년 이상 관심 없었는데 갑자기 반한다거나 하는 거 "
892,"
사실 엣프제가 더 없는거 같지만....여하튼 안녕! 내가 너네 참 좋아해!난 인팁이야! "
891,"
제목이 좀 이상하긴 한데 사둔 책 다 읽은 거 있는데내용이 기억 안 나서 처분하기도 좀 그렇고 자리만 차지하네원래 난 영화도 한 번 본 거 가지곤 전부 다 기억 못하는데.그래서 소장벽 있는데 이사 다닐 때마다 성가심 "
890,"
오징어한테 둘러싸여 자는 기분이 이런 건가? "
888,"
그거 문서 수정이나 뭐 나무위키 잘아는  그런 마니아틱한 엣프제가 있을까  당장 갤에도 엣프제가 없는데 허허  "
884,"
내 남친 엣프젠데 나랑 완전 안 맞음내 말 절대 안 듣고.. 자기 멋대로 하고 내가 조언? 말해줘도 죽어도 안 들음 고집이 셈난 잇팁- dc official App "
883,"
선 넘지마하지말라면 하지마강요하지마싫다면 하지마됐다고했는데 두번 물어보지마같은 얘기 반복하게 하지마니 얘기 안듣는다고 악담하고 저주하지마;나대지마시끄러워남의 기분좀 신경써 "
882,"
사람 많은데서 꽥꽥거리고 병신같이 기거나 걸어도(장난치는듯) 부모가 제지를 안하고 소닭보듯 하는데 그냥 요즘은 애를 키우려고 낳는게 아니라 어쩔 수 없이 싸지르고 방치하는 듯  "
881,"
진짜 확고한거야? "
880,"
오는 질문이나 고민거리가 항상비슷하거나 똑같아 유사과학이지만 신기하네  "
879,"
내가 항상 연락하는듯하네 왜구래?그냥 식은거야? 유ㅓㄴ래그런거야 "
878,"
https://youtu.be/Sdz2oW0NMFk "
875,"
내가 본 남친은.. 소비욕, 물욕이 많고 남에게 보여지는걸 많이 신경쓰고 약간 자아도취? 자기미화? 자기과대평가? 같은게 있고(근데 아직 귀여워서 봐줌) 자존심좀 있고. 자꾸 뭔가 칭찬을 받고 싶어함 ㅋㅋ 사교성과 적응력이 매우 좋은점이 부러움.  => 이게 합쳐진것 :  남친 자기입으로 ""난 적응하는거나 친구사귀는건 자신있다. 고등학교때 전학갔는데 가자마자 반장선거 나가서 반장했다"" 이런식의 발언 매우 잦음.ㅋㅋ. 자기자랑을 대놓고 하는걸 상상도 안해본 입장으로는 살짝 꼬우면서도 저 높은 자존감이 신기함.  권력욕도 있어보이고 승부욕도 좀 있고. 게임 티어에도 집착함.  데이트 계획을 세우고싶어함... 맨날 다음에 만나면 뭐할거냐고 물어봄. (P한테 그런거 바라지 마라..) 근데 맨날 나한테만 요구하고 본인은 의견 잘 안 냄; 자기가 하겠다고 마음먹은거나 해야겠다고 결심한건 잘 해내는듯. 다이어트 해야겠다고 말하더니 바로 운동 시작했는데 요즘 개바쁘고 개피곤한데도 운동 빼먹는 일이 거의 없는거 놀라움. 나였으면 진작 때려침 ㅋㅋ  썸탈때 엄청 불타는 직진이었는데 사귀니까 좀 무뎌진 느낌 있음. 그렇다고 나한테 다정하지 않은건 아닌데 가끔 헷갈리게 만들고.. 연애할때 올인하는 타입은 아닌거같다. 기본적으로 할일을 만들어서 하는 스타일이고 대체로 항상 바쁘고 뭔가 하나에만 온전히 관심을 쏟진 않는듯. 눈에보이는 토끼는 죄다 잡고싶어하는 욕심쟁이임. 다 잡는게 무리라는걸 알아도 일단 손에쥔건 하나도 놓기싫어함. 뭐 하나라도 꼬이면 힘들어하고. 스스로 스트레스, 고생을 자초하는듯 ㅋㅋ  난 잇팁이라 남에게 고민이나 감정을 꺼내는일이 거의 없는데 얘한텐 술술 말하게 됨. 이 경험은 매우 신선했음... 근데 누군가에게 감정을 털고 위로받는 경험이 거의 처음이다보니 정서적으로 의존이란걸 조금씩 하게 되면서 점점 연애의 을이 되는거같기도 함... 신기한건 붙잡고 찡찡대고 처울고 즙짜도 받아줌. 나였으면 이런애 못받아주고 지쳤을거같은데 딱히 그런 내색 없는게 놀랍다.  호의관계이던 사람이어도 어떤 계기로 싫어지면 순식간에 완전한 무관심+매우 적대적이 됨. 얘 앞에서 그사람 얘기도 못꺼냄 ㅋㅋ   "
874,"
https://youtu.be/c1GxjzHm5us "
873,"
저거 보고 나 싫어하는 줄 알고 글쿤이라고 생각했는데오히려 배려가 되어 버리다니 "
872,"
태어나자마자 언젠가는 곧 죽어서 흙으로 돌아갈거면 굳이 왜 태어나지는지 모르겠음.내 의지로 탄생한 게 아니니까 생각해봤자 의미 없다고 느끼긴 하지만그것도 굳이 이 시대에? 이 나라에? 이 부모 밑에서? 이 몸에? 자아가 깃든 원리를 모르겠단 말이야.왜 다른 사람의 몸에 깃들진 못한 건지?아인슈타인 같은 골치아픈 사람들 덕분에 모든 현상에 원리와 이해가 있다는 걸 알게 되고 나선이게 계속 신경쓰인단 말이지내가 죽고 나서도 세상은 계속 돌아간다는 사실을 10살 때 처음 자각했는데 존나 외롭더라.계속 생각해봤자 이미 정해진 결말은 어쩔 수 없어서 나중엔 포기하고 살면서 차라리 죽여달란 소리가 나올 고비도 여러 번 겪긴 했다만어쩔 수 없이 태어나진 거라서 삶 속에서 사람들이 처절하게 의미를 찾고 있는건지는 모르겠다만자기 자신을 자신의 눈으로 볼 수는 없는 거라 어쩔 수 없이 워칭도 타인에게 의존해야 되는건데만약에 자기가 열심히 노력을 했더라도 타인이 비하하고 무시한다면?그럼 노력을 한들 아무짝에도 쓸모가 없는 게 되는 셈이지.굳이 그런 극적인 비극 아니더라도 한 3세대 정도면 잊혀지게 될 걸?그런 삶을 위해 발버둥쳐야 된다는 현실이 너무 피곤하고 생각만 해도 무기력해져.아무리 사람들이 좋은 쪽으로 생각하라고 하고 얘기를 해도 설득이 안 통해져.그냥 ""잘 될 거예요"" ""믿으세요""라는 식의 격려는 머리에 쥐뿔도 안 박힘.거기다 이 놈의 죽음이라는게 진짜 예고도 없어서 오늘도 무슨 유명한 만화가 부고 소식 들었고주변에도 젊어서 죽은 사람들도 몇 봐서 그런지 내일 과연 내가 살아있다고 보장할 수 있을까?아니면 만약 살아있다고 한들 그 남은 삶을 어떻게 써먹어야 할지 도저히 모르겠어.그냥 하루하루 순간의 편안과 재미를 위해?금방 소멸될 생산과 소비만 하는 삶이 뭐가 의미가 있는지 모르겠고업적을 세운다? 누군가의 인정에 기대지 않으면허무해지는 현재의 노력을 어떻게 견뎌?남들과 똑같은 삶? 예측은 가능해서 편하긴 할 거다만그럼 그게 ""나""랑 ""남""이 다른 점에 대체 뭔지 모르겠네.어디다가 삶의 의미를 쏟아부어야 될지 모르겠어.가끔 재미있는 일도 가뭄에 콩나듯 일어나지만 그건 남이 벌인 일로 인해 생기는 도파민 내지는 아드레날린에 불과해서.그냥 아드레날린이 필요하면 놀이공원에 가고 말지. "
870,"
엣프제상사 남녀 몇 겪어봤는데 아니 ㅅㅂ 사람을 너무 잘 챙겨줌;;;;  소위 립서비스만 잘하는 게 아니라 실질적으로 뭐 쉬엄쉬엄 일하게 해준다든지  알아야 할 건 자기 시간 내서 구체적으로 알려주든지포인트 꼭 찝어서 칭찬 갑이라거나.. 어쩌다 실수하면 그럴 수 있다 해주고  필요해 보이는 건 실질적으로 바로 조달해주고  일 관련 지적할 때 있어도 ㄹㅇ 엄마아빠처럼 잔소리식으로 하는데 솔직히 사람이 진짜 신기함 엣프제 유형 별명이 '사교적인 외교관'이던데 그런 식으로 엣프제가 타인에게 먼저 협조를 제공해 서로 협조하는 분위기를 이끌게 하더라 솔선수범 ㅆㅅㅌㅊ  ㅡ 근데 엣프제도 대하기 힘들거나 싫은 사람이 있긴 할 거잖아 아무리 그래도 사람인데;그래서 질문 좀 할게1. 엣프제가 대하기 힘들거나 싫은 사람에게 보이는 언행 및 행동 특징은 뭐가 있을 수 있을까? 케바케여도 좋으니 엣프제들의 답변이 궁금하다2. 엣프제들이 칭찬이나 작은 선물만 받아도 바로 또 보답하는 성향이던데 혹시 칭찬/선물 받으면 부담스러워 하는 성향인가? 아님 그냥 응당 엣프제 자체가 Giver 성격인지라 워낙 잘 베푸는 편이라 그런 건지? 모쪼록 답변 부탁.. 엣프제들한테 고마운 일이 누적된 게 많아서 더 잘 대해주고 싶음  "
869,"
역시 건강관리가 문제다 "
868,"
모두들 편안한,,, 연휴를 보내셨는지요,,? 따뜻한 햇살이,,, 우리를 감싸안아주고,,,새롭게 생명들이 피어나는 파릇파릇한 봄도 어느새 지나여름을 향해 달려가고 있네요,,,*^^* 많이 덥죠~? 어제 저는,, 절에 다녀오며 이런 문구를 발견했답니다*^^*'나쁜 말을 하지 말자 험한 말은 필경에 나에게로 돌아오는 것'말 한마디 한마디가 그 사람의 인품을 드러낸다잖아요,,*^^*올 한해도 주변 사랑하는 사람들에게 따뜻한 말 한마디 건네주는 것이 어떨까요,,,*^^* 곧 주말이 다가옵니다,,,*^^* 주말까지 남은 날도 마무리 잘 하시고,,, 행복하세요~*^^*저는 이만 총총... "
867,"
https://www.youtube.com/watch?v=CHbWWphAdPkhttps://www.youtube.com/watch?v=6lkxC6m6JTs "
866,"
https://youtu.be/XFma0j6CZb0황비홍 - 남아당자강철계투오공 보고 싶다 "
865,"
정의와 선을 부르짖어서? ㄴㄴ1. 그러고서 수틀리면 지저분한 짓은 할 거 다 하니까.2. 정의라는 것 자체가 그 칼 끝이 어디를 겨누고 있느냐에 따라 정의는 절대폭력이 될 수 있음.이건 말하기 애매한데 예를 들어 아무것도 아닌 것을 정의라고 가정하고 그 정의에 반하는 것을 숙청하면""정의""라는 것 자체를 절대권력 내지는 폭력이라고 인지할 수 밖에 없음. 그게 선이다? ㄴ 그런 식으로 주입하는 거 질색. 근데 얘네는 그걸 해. "
864,"
 다 경험한 건 아니니까 경험 위주로.인팁 : 아인슈타인이 멱살잡고 캐리하는 미친놈 집단. 인팁갤=소돔과 고모라. 건강한 인팁은 뭐든 지 식대로 해야 성공할 타입.갤에 수학 문제 던져주면 그거에 몰입함.엔팁 : 노진구. 키배하다 발리면 형냐들 엄청 찾음. 친목질 개쩜.인프피 : 입장하자마자 날 갈구던데 얘네들 자체가 여기저기서 터지는 동네 바보 이미지라 노 데미지. 바보 상대로 성질 부리기 김새서 ""글쿤""밖에 할 말이 없었음. 현실에선 씨발연놈들이 죄다 인프피인데 스트리머나 예술가도 인프피에 쏠려있음. 사적으로 만나는 건 피하길 권함.잇프피 : T 계열 싫다면서 굳이 싸움을 검. 인프피 다음으로 정신병자.잇티제 : 아는 사람이 이 계열. 소동에 크게 나서진 않는데 한 번 짜증나면 굵직하게 팩폭 갈김. 성실함.엣팁 : 남자는 갤에 없고 주로 여자들이 갤 점령. 뭔가 상남자(?)부심에 젖은 것 같음. 관종끼 엄청나고 분노벨.엔프제 : 위선자. 끓는 점 낮음. 찾아가는 분노벨 서비스.인프제 : 위선자2 겉으로 오글거리는 소리 덜하는 편. 간을 잘 봄. 잇팁 : 역시 남자는 갤에 적고 여자들이 점령. 여초 뒷담 까면서 친목질 엄청함. 귀찮은 거 싫다면서 귀찮은 질 엄청 많이 함.현실의 잇팁은 그닥 관심 가는 사람 없었음. 다른 심리검사 하다가 상담사가 나보고 카레이서 하라고 하길래 뭔소리고 했는데잇팁에 진짜 카레이서 출신 인물 있더라. 미친안 그러려고 했는데 약간 공구랜드 같은 곳 한 번 갔다가 존나 설레서 하악댄 적 있다.화 안 나고 말투 아무 생각 없는데 표정이랑 말투 지적 개많이 받음. 평생의 1/3을 이 소리 듣고 사는 기분. 짜증난다.누구한테 조언 구할 때는 이미 본인이 생각하는 모든 방법을 다 써보고 나서 조언 구하는 것임.오지랖 굉장히 싫어함.엔프피 : 정신 사나울 것 같아서 안 감.인티제 : 뭔가 엘리트부심 망상이 있어보여서 잘 안 감. 키배 잘 발림. 은근 유리멘탈.엣티제 : 잇팁이랑 잘 맞는다는데 별 흥미가 안 느껴짐.엣프제 : 핀란드에 온 느낌.(고요한 숲 속). 떡밥이 더럽게 없어서 어쩌다 타유형들이 떡밥 주고 감. 타유형도 안 오고 지들도 갤에 잘 안 오는 듯.유명인들도 블랙핑크 리사를 제외하곤 다 모르는 사람들 투성이임.실제 엣프제를 만난 적은 없지만 주변에 사람이 많고 칭찬과 감사에 굶주린 유형이라고 하는 걸 보면 나랑 만날 일은 희박할 듯.근데 SM플레이 하면 도미넌트, 새디스트같이 주인님 역할 존내 잘할 것 같아 보임.잇프제 : 상대하기 싫다는 아우라를 뿜어대고 있음. 금방 관심 끊어버림. "
862,"
너네너무좋다 ㅋㅋㅋ  - dc official App "
861,"
아니 그게 잘못됬다는 건 아닌데아는동생이 거의 무지성 수준으로 여자여자 거리길래..+걔는 인생에도 딱히 방향성이 없어보이는 편인데그렇다고 막 게으르지는 않고하나 꽂히면 저러는거같음누가 좋아서 연애를 하는것도 아니고경험이 있어야 할 것 같대무슨 마음이냐 이게..?팩폭하면 ㅈ같으면 손절침? 애가 너무 어려서 그냥 욕먹을거 각오하고 몇마디 좀 할라는데.. "
860,"
https://youtu.be/fKopy74weus "
858,"
박명수도 똑같은 질문 받았는데 그럼 얘도 그거냐? 시간이 언젠데 안 먹었겠냐?하지도 않은 소린 끼워 맞추지 좀 말고(다 틀리니까)너한테 욕한 거 아니면 태클 걸지마 설명충되기 싫고 피곤해나 일 터지고 설명하는 거 되게 싫어해 귀찮아 죽겠어서그나저나 나 박명수 재미없어서 싫어하는데 같은 유형이라니 당황스럽네나 깔거면 좀 내가 강력범죄나 마약 같은 거 하면 까라 시시한 거 말고 "
856,"
근데 내가 찐따인 인팁이라 노답인 관계성임.걘 너무 인싸고 나한테도 친절한데 난 너무 아싸에 찐따임. "
855,"
https://youtu.be/STxXS5lLunE "
854,"
최소 60살까진 뭘하고 살고 싶다거나 하는 거.30대에 결혼하고 애 낳고 집 사고 차 사고 애 키우고 대학 보내고 퇴직금으로 장사하고이게 끝이면 너무 서글픈데.마치 정해진 테크트리 같잖아. "
849,"
한 열번하면 한두번 isfj가 나오는데 나머지는 esfj 나옴근데 학교다닐 때 학생회 생활도 하고 외부동아리도 하고 조모임도 존나 많이하고 결과도 좋았는데 개진따임 "
848,"
제목에 이성언급, 조건문, 의문문, 칭찬 보이면득달같이들 찾아오시네다 그런가 여기가 유독 그런가 흠 "
847,"
인터넷 세계에서 병먹금 ㅈㄴ 잘함현실 세계에선 그냥 싸우지마무새 "
846,"
친한 친구가 esfj라 놀러 옴난 intp ㅋㅋ신기하게 완전 정반대인데 얘기하면 재밌음 "
845,"
시불장  "
843,"
https://youtu.be/xo1VInw-SKc "
842,"
인프제인데 좀 빡친다...  - dc official App "
841,"
방구석인팁에게 새로운 경험을하게해줌그리고 뒤에선무슨생각을할지모르지만앞에선 인팁비위잘맞춰줌 "
839,"
다른이들이 그들의 과제에 흥미를 보이는 걸 좋아한다 : 경우에 따라 다르지만 잘 완성된 결과물에 좋은 평가를 주는 걸 좋아함.원리원칙이나 자유를 침범하지 않는 범위 : 맞음. 간섭하는 걸 싫어하고 자신만의 룰이 있음.타인을 잘 돕는다 : 맞음. 안 그럴 것 같은데 의외로 잘함. 자신의 경험을 타인과 공유하는 걸 좋아함 : 맞음.눈눈이이 방식 선호 : 은근 있음. 지나치게 신중함 : 있음. 너무 멀리 돌아감 : 있음.받은 만큼 똑같이 되돌려주는게 공정하다고 생각 : 맞음. 그래서 욕이나 비방을 받으면 무조건 되돌려줌. 그게 마음이 편하니까.신중치 못한 농담을 꺼냄 : 어렸을 때 한 번 그래서 혼난 이후로 안함.타인의 일에 지나치게 간섭함 : 이건 아닌 것 같음. 어떨 땐 하는데 어떨 땐 철저하게 무관심함. 자신의 감정과 동기를 파악하는데 어려움을 느낌 : 맞음.행동으로 타인을 탐색함 : 맞음. 백날 말로 해봤자 잘 안 믿음. 행동을 믿으려고 함. 이것 땜에 트러블이 생기기도 함.창의적이며 유머 겸비 : 맞음. 나는 안 웃는데 남들 웃기는 건 가끔 자기도 모르게 잘함.문제 해결 : 인생의 1/3을 차지하는 동기.예측불허한 성격 : 아니야. 개인적으로 바라는 것 : 인간에 대한 소통 욕구가 원천차단 되는 것.엣프제가 들으면 이해 못하겠지만 모든 문제들의 고통은 대부분 인간관계에서 비롯된 것이기 때문에나한테 인간에 대한 소통 욕구가 전혀 사라지면 인생이 좀 더 편안해질 거라고 예상하고 있음.그런데 사람이라서 그렇게 못하는 게 문제. "
838,"
단단한 야채+고기를 잘게 썬 다음 볶는다.소금과 후추로 간한 다음 밥과 함께 먹는다.비타민과 단백질, 탄수화물을 섭취했으니 완벽한 요리다. "
837,"
글만쓰고 확인하러 안올 듯 ㅋㅋㅋㅋㅋ 귀찬그럼20000 "
836,"
밖은 20도인데 습도 100이고안은 26도인데 습도 66임창문 열면 기온 24도에 습도 80퍼로 올라감.인간이 쾌적함을 느낄 수 있는 습도 한계치가 60퍼다. "
834,"
진짜 왜 저렇게 사는 걸까 싶은 사람들이 너무 많음 남자와 여자 간의 차이일 수도 있긴 한데 아무리 그래도 나로서는 상상하기가 힘든 것들이 너무 많음 다른 엣프제들도 그렇게 생각할 거 같고 정말 다양한 사람들이 살고 있고 그러니 mbti도 16가지나 된다는 걸 느낌  - 언미생지 "
832,"
화난 건 아님갤에선 별 잡담 다하지만 톡에선 이럼 "
829,"
!!!! 아는사람무무무ㅜ뭄ㅁ "
828,"
남자임 ㅇㅇ코로나 전에는 남녀노소 할거없이 다 잘 지내고 놀았는데코로나 때문에 이직 세번하면서연락 좀 소홀해지고 ㅋㅋ또 커플들 되는애들 많아서먼저 연락 안하니까 다 멀어지더라지금 회사는 남초회사에 서비스직이라 장난도 못치고퇴근하면 바로 집이고 그래서직장에서 인간관계랑 평판은 다 좋은데 사적으로 연락하거나 만나진않아..동네친구 두세명 남았는데ㅋㅋㅋ맨날 만나서 각자 외롭고 그렇다고 한탄만하고 술먹다 각자 집감ㅋㅋ취미나 가져볼까 하는데 추천하는거 있어?쉬는 날이 고정이 아니라서요즘은 그냥 드라이브 가거나 집에서 넷플 몰아보는게 끝임..저 위에 세명이랑 술먹는거랑 ㅋㅋㅋ "
827,"
산지 얼마 안된 팬티에 구멍 숭숭 나 있길래 삭은 팬티 샀나 했더니쫌 질긴 나이롱 바지에도 스크래치 난 거 보면 구멍내는 범인이 따로 있는 듯이 새기가 범인일까? 맨날 플라스틱 빠져서 따로 놀던데  "
1778,
826,"
스승의 날도 안 지난 날씨가 27.9도가 사람 날씨입니까?밤되면 또 습도는 80%돼서 시원한데 불쾌감 들겠지 어휴기껏 씻었는데 선풍기 꺼내려고 창고 뒤지느라 땀 또 흘리고 "
825,"
나는 인팁인데, 직장에서 신입이 들어왔어내가 사수가 된 입장이고, 얘랑 빨리 친해져야하는? 그런 특수한 일인데엣티제랑 좀 차분한 분위기에서 이야기 하고 싶을 때가 있는데대화 나눌 때 내용은 차분한데 분위기는 전혀 아닌? 방방뛰는 느낌임..몽상하는 이미지는 비슷한데, 뭔가 미세하게 어그적거린다 해야하나...너희는 속마음 꺼낼 때가 언제니? "
824,"
루시드퍼레이드♤♤♤♤♤♤♤내가 무슨 지껀줄 아네 선넘어서 회피함 토레토레퍼레이드♡♡♡♡♡♡♡♡♡ "
823,"
https://youtu.be/0xLQyxvohmc "
821,"
3월 31일날 짝사랑하고 있다고 썼는데사실 2월 말~3월 초부터임.매일 아침이 설렜는데근데 지금은 하루가 지루하다고 느끼고 있음.벌써 권태기가 찾아왔나아직도 사랑하는 건 맞는 것 같은데 예전만 같지 않다.오랜만에 느껴보는 감각이라 설렜었는데 아쉽다. 좀 더 불탔으면 좋겠는데. "
820,"
혹시 몰라서 여러번 해봤는데 5번중에 4번나옴 "
819,"
인간관계를 가장 중요시하는 유형? "
818,"
자꾸 이게 나오네.남이 뭐라건 자기 주장 강한 캐릭터라서 T 나올 거라고 기대했는데.난 무료 땡기면 인팁 나오는데 사색이랑 공상 안하는 거에 체크하면 잇팁 나옴직관이랑 현실이랑 존내 싸우는 듯이럴 땐 과학에 관심을 가지냐고 물으면우주와 물리학에 관심 = 인팁만들기와 수리에 관심 = 잇팁머릿 속에서 둘이 싸움. 근데 잇팁이 우세하면 가끔 손해 많이 봄.이웃들한테 유일하게 말 걸 때가 항상 이런 이유근데 이 문제로 진짜 많이 싸움.미친년들이 남의 집 바로 앞에 우루루 몰려들어서 좌판 깔고 하루종일 얘기해대면씨발 자기 집에서 쉬는 사람은 어쩌라는 거야뭐 물어보면 답은 항상 해줌. 좋은 의미든 나쁜 의미든.답 안해준다면 못봤다는 의미.헷갈려서 다른 데서 검사하니까 잇팁이 이김. "
817,"
존나 과몰입해서 진짜 더콰이엇처럼 말도 거의 안하고 있었거든? 그러니까 얘들도 말 거의안걸더라 심심하고 외로워 뒤질뻔함..  "
816,"
줏대없는건 정 떨어지지 근데 보통 그런가? 엣프제를 실제로 접한 적이 없어서.  "
814,"
본인 미화 심한데 스스로 모른다본인 기준, 일관성 없고 주변에 휘둘림사회적 평판에 집착해서 인간관계 및 사회생활 스트레스가 심함 "
813,"
6단계 법칙으로 근황이 알고 싶은/친해지고 싶은 사람과 연결되고 싶은데 그러려면 '넓고 얕은 인맥'과 친화력이 필요함. 6단계 법칙이란 지인 6명만 거치면 전세계 사람들과 연결될 수 있다는 이론인데, 웬만한 사람은 3단계 이내로 연결됨. 나 IXTX고 지금 친구가 한명도 없음.(학교폭력 같은건 아니고 엄청 낯가려서) 주변에 엣프제 엣팁 이런사람들 보면 발이 엄청 넓던데 어떻게 해야 하는지 한 수 배우고 싶습니다. ​ (6단계 법칙에서의 지인이란?)  "
810,"
엣프제들아 너넨 뭐가 우선이야 "
809,"
반갑습니당 ㅎㅎEsfj 남친과 연애하고있는 esfj 여자에요 "
807,"
둘다 동성이고 그냥 친구 사이임  - dc official App "
806,"
일 치르고 어색해짐.여자 쪽이 쿨한 성격이면 모르겠는데 아니면 지가 손해본 입장되기 싫어서자고 나서 태도 바꾸기도 안 바꾸기도 애매함.상대가 안 받아주면 어쩌나 하는 쫄림 때문에.애프터라도 해주는 새끼들이 있으면 다행인데잠수하거나 먹버하면 좆되는 거라 골아프게 엮일 수도 있음.더 최악은 데이트 폭력 같은 거. 남자 쪽이 집착이라도 하면 범죄로 엮일 가능성 농후.대개 연애지침서에선 3달이 피크라는데 (100일 정도 되면 상대방 인성 파악 가능)그거 지키는 사람 요즘 거의 없을 듯? "
805,"
숨겨진 자아가 있는건가 "
804,"
잇팁이 이러니까 속에서 병날 지경  "
803,"
내가 제일 존경하고 사랑하는 우리엄마 mbti가 esfj라서 "
802,"
남자 엣프제가 적은 이유는 뭐라고 생각하십니까?전 남자인데 인피프고 친한 동성친구역시 남자인데도 엣프제라서남자중애선 드문유형이라 신기함. "
801,"
여러분 믿겨지십니까?  이것이 에이프 런 완장의 두 얼굴입니다 동족들을 혐오하는 가증스러운 완장 타도하자! 타도하자!  "
800,"
내가 우연히 친구를 많이 사귀고 외향적인 성격으로 개과천선(?)했거든그러고 5개월 만에 다시 해보니 엣프제 나오더라반가워~~ "
799,"
https://youtu.be/M5pInLyxeys스몰빌 주제곡 "
798,"
그것도 결국 신경앓이 하는 사람한테 이래라 저래라 하는 소리니까.나는 그것도 결국 당사자가 쿨한 사람이 되어라라고 강요하는 걸로 들린다.그 사람한테 뭘 시키지 말고 그냥 편을 들어주는게 낫겠다.좋은 사람이란 건 대체 뭔지 모르겠음.히틀러가 유럽의 적이지만 인도에서는 꼴보기 싫은 영국을 공격한 영웅 대접을 받고(영웅까진 아니지만 인도 사람들은 히틀러 별로 안 싫어함. 영국놈들한테 하도 당해서)좋은 사람이란 것도 상대적인 느낌이 듬.타인에 의해 자기 자신의 가치를 증명한다는 것이 곧 사회지만타인의 독단에 의해 자기 자신의 진실이 무시 당할 수도 있다는 걸 생각한다면""좋은 사람""이란 건 과연 진짜 자기 자신한테 좋은 걸까?나는 거친 환경에서 자라서 항상 나쁜 놈이란 소릴 듣고 자랐는데나는 도둑질도 안하고누굴 왕따 시키지도 않고 괴롭히지도 않고내가 맞지 않는 한 때리지도 않고거짓말도 나를 방어하기 위한 선에서만 하고타인의 사생활도 별로 신경쓰지도 않고 평가도 그닥 안함.업소를 가는 것도 아니고 물건을 뺏지도 않고그냥 웃지 않고 이웃들한테는 시끄러우니까 소란 좀 그만 피우라는 소리만 할 뿐이고말이 통하지 않는 사람(주로 양아치)은 신고하고 그것 뿐임.근데도 나는 남들한테 나쁜 사람임.그냥 너 싫으니까 나랑 엮이지 말라 혹은 괴롭힘에 똑같이 보복을 하거나예수처럼 왼쪽 뺨도 내주지 않았다는 이유임.웃지 않는다는 이유로 구설에 휩싸이고.그런 걸 종합적으로 여러 번 겪다보면그냥 인류는 자기들이 멋대로 정한 ""선""을 강요하는 벌레들이고학살당해 마땅한 존재들이 아닌가 싶다. "
797,"
시발 성격은 거의 다 맞음  - 언미생지 "
796,"
혹시나 가능하신분이 이글을 보신다면 부탁드리겠습니다   "
795,"
겹치는 부분이 없어서 아님?  "
793,"
지금 보니까 너무 착함... 내 눈치없음을 받아주는 인싸력... 엄마같아 자꾸 응석부리게 돼 내가 남자였으면 백퍼 반했음  "
792,"
이제부터 여기 갤주임  "
790,"
사교적이고 능동적이라 사회생활 잘할거 같음말 잘 걸어주고 낯가림이 별로 없음아이디어 얘기하면 잘 들어줌그래서 서로 잘 대해주게됨 "
784,"
https://youtu.be/PstrAfoMKlc아길레라 신곡을 내라 "
779,"
https://youtu.be/DUT5rEU6pqM "
778,"
오진승도 정색 빨더라구 "
776,"
에 이 프 런  "
775,"
Apron ESFJ 절 대 찬 양 해 ! 에1이프런의 자유를 탄압하지 마라 ! "
774,"
오 나도 추가해볼까  "
772,"
변방갤 출신이라 적응안되네  "
771,"
에 이 프 RUN 어엌ㅋㅋㅋㅋㅋㅋㅋㅋㅋㅋㅋㅋㅋㅋ에이프런이 달리니까 에이프RUN 어엌ㅋㅋㅋㅋㅋㅋㅋㅋㅋㅋㅋ "
770,"
인프피 좋아해줘  "
768,"
어제술마시고 오늘도 일어나서 노는거같은데계획안잡고 불쑥 보자하면 싫어할려나 "
767,"
아싸는 이만 물러갑니다  "
766,"
https://youtu.be/pO40TcKa_5U "
765,"
왜 학교랑 직장에선 잘하는데집에선 안되지 "
763,"
도대체 정리정돈이란 건 어떻게 하는 거냐? "
762,"
밖에서 지랄할 사람들 하나도 없을 거 생각하니 넘모 신난다 "
761,"
여기가 인싸 갤러리임? "
760,"
https://youtu.be/iEe_eraFWWs "
758,"
난 isfp여자인데 남자가 이 유형이거든 나 엄청좋아하고 나한테 잘맞춰주고 그러는게 느껴져 근데 내가 게으르고 타인에 관심 잘안가지는데 애가 매번 먼저 통화오고 2시간이상이나 통화했거든 난아직 조금 낯선데 애는 나 편해하는게 신기함 처음엔 너무 부담스러웠는데 익숙해졌나봄나도 애는 자기관리 잘하고 부지런한데  난 누워만있고 자존감낮고 게으른 날 왜좋아하지? 애가 나한테 잘해주니까 나도 점점 마음이 열리는거같아서  외향적인 친구를 둔적없는데  내가 애한테 어떻게 대해줘야 좋아할까? 나도 그마음에 조금 보답하고싶은데  "
757,"
내 첫사랑이 엣프제였어서 놀러와 봤다...현재는 잇프피랑 연애 중인 엔팁이다... - dc official App "
755,"
나는 동생이 존나게 싫음.연년생이라서 그런지 모르겠지만어리광을 나한테 존나 부리고 내가 지를 챙겨주기를 바람.근데 연장자에 대한 존경심은 원래부터 없었음.윗 사람 > 무조건 나를 보살펴 줘야 함. 이런 마인드임.근데 내 입장에선 엄마 사랑을 분할받아야 하는 개새끼임.이 새끼 때문에 내가 자꾸 연장자로서 본을 보여야 하고맞는 일이 많았음. 내 잘못도 아닌데.그리고 중딩 되니까 나만의 방과 시간이 필요한테 이 새끼가 자꾸 방해함.어릴 땐 돌봐줬지만 이제 더 그러기 싫어서 정 뗐고선을 확 그었음.근데 이 새끼가 존나 멍청해서 선의 의미를 모름.자꾸 선을 넘어서 폭행까지 발전하는데애가 좀 부모한테 덜 맞고 자라서 그런지 원래 인성이 좀 십창임.학교에서도 애들 때리고 반 꼴찌하고 ADHD의 전형을 보임.그러다 담당일진 만나서 개 처맞고 징징대고.당근 신경 안 썼지 그렇게 살거나 말거나 알 바 아니니까.한 번 선 그은 놈한테 신경 쓰기 싫음.그러니까 애가 병신이 되더라. 히키코모리, 알콜중독, 도둑질, 폭행, 별 짓을 다 함.엄마는 엄마대로 원래 애들이 어떻게 되거나 말거나 신경도 안 쓰는 인간이니까기대할 것도 없고.그러고나서 분리했는데 무슨 바람이 불었는지 지잡대를 갔더라.거기서 최고로 인기없는 학과에서 수석 먹었다고 자랑질인데 알 바냐?거긴 원래 기안대 수준의 학교인데.이 새끼가 사고 또 친 게 지잡대 간답시고 사채를 써서 나보고 돈을 빌리려고 하더라.진짜 개념없는 새끼...그러고서 말하는 싸가지는 자기한테 돈 빌릴 생각하지 말래.식구 역사상 이 새끼한테 돈을 뺏길 지언정 빌린 사람 한 명도 없음.하여튼 이 새끼 하는 짓이 자꾸 나한테 관심을 요구하고 의지하고 뭐 그런 거 같은데물론 이기적인 놈답게 남이 하는 말은 듣지 않고내가 짜증나서 한 마디 했지.지잡대 하나 가서 사람 구실도 못하는 주제에 지랄 좀 하지 말라고.지금 생각해보면 내가 형제애를 줬으면 이 새끼 사람됐을지도 모르지만아니, 죽어도 주기 싫음. 평생 엮이기도 싫음.용서할 수 없는 짓도 너무 많이 저지른 놈이고. "
1778,
752,"
초반처럼 다정하게 해달라구,,,카톡 텀 빠르게 해달라고 하면 싫어할까? 남자 엣프제인데ㅜㅜ "
751,"
각종 강력사건만 봐도 인간본성이 혐오스럽던데  "
747,"
https://youtu.be/iG7F-sX8LII올림포스 가디언 원곡풀버전 "
746,"
먼데 존나 착함?;;나엿음 넌? ㅇㅅㅇ 넌 왜 안했어? 하고 깝쳤다 "
744,"
군대 한달뒤 전역하는 ESFJ야 나는 intj전역 기념으로 여행가재(이전에 대충 호감 표시 서로 햇음)우린 장거리 사이야서울사는 esfj가 비행기타고 부산까지 온대 1박 2일할거구 내가 하자는대로 다 따라갈거래내가 코로나때문에 서울가기 무섭다고 해서 걔가 내려오는거첨에는 계속 머하냐고 묻고 근무가는거, 운동가는거 다 말하고 전화도 매일 먼저해줬어 대략 4~5개월 해준듯? 그러다가 요새는 폰받으면 머하냐고 묻는건 꾸준히 하고 전화는 가끔해줘 이제 운동가는거 안말하고 근무는 가끔?말투도 좀 딱딱해진 느낌?  그래서 걍 귀찮으면 머하냐고 굳이 안물어도 된댔더니 자기는 내가 회사에 잇는걸 알지만 그래도 궁금해서 묻는거라고는 하더라,,,원래 카톡 안좋아하고 대신 전화 좋아하는 사람이야 노력하는거같긴한데 전보다는 덜하는게 눈에 보여,,,ENFJ는 진심인 사람한테 어떻게 대해? "
742,"
루시드퍼레이드♤♤♤♤♤♤♤왤케 부담스럽게 다가오냐 ㅅㅂ... ㅅㅂ... 대놓고 뭐라못하겟는 사람들임 악의도 없고 상처받을까봐 토레토레퍼레이드♡♡♡♡♡♡♡♡♡ "
740,"
https://youtu.be/S4VhjseWv80인기에 비해 돈이 없어 뮤비를 못 만들었다는 전설의 노래 TT "
739,"
 "
738,"
엣프제들 다 어디갔어요? 죽었나요? "
737,"
ㅋㅋ "
736,"
어지럼증 땜에 평범한 헬스는 못하고다치지 않게 누워서도 할 수 있는 근육 만들기 해야 혈액순환 돼서약기운이 돈다고 하는데그런 운동이 뭐가 있음? "
735,"
그럴때 현실보다 자기가 추구하는 생각쪽으로 몰아가려고 하는 경우도 있음?? 보통 엣프제는 아닌건 빨리 정리하고 맞는건 잘 잡는편이잖 근데 너무 믿기싫을 경우엔 끝까지 포기안함 ?? "
734,"
https://youtu.be/r2LpOUwca94메이저 레이저의 light it up "
733,"
아줌마들성격임.. 좋은뜻으로 "
732,"
사랑해 ♥ "
731,"
엣프제 아무한테나ㅠ이러냐?ㅜㅜ칭찬해주면 가뜩이나 말 많은데콧구멍 벌름거리면서미친듯이 조잘대며 설명할 때 귀엽더라 "
730,"
https://www.youtube.com/watch?v=JGPB_IvmAJI "
729,"
시골 암자야 뭐야 "
728,"
https://youtu.be/DqA25Ug71Mc "
727,"
귀엽고 사랑스러움하루종일 보고 싶음 "
725,"
어릴때 엄마가 4살인 저를 데리고  시댁살이가 힘들다고 집을 나왔습니다.  강제로 이혼한걸로 기억하네요 어릴때부터  그리고 새아버지가 있었는데(지금은 헤어짐) 만나는 남자들마다 꼬라지가 왜그러는지  첫번째 분은 저를 정말 많이 패고 술만 먹으면 집안 물건을 다부수고  그뒤로 몆명 더 있었는데 그저 그랬습니다. 이때 새아버지한테 뺨을 맞다가 귀를 맞아서 이명도 생기고요 (3급받음) 두번째분은 엄마한테 사기치고 친아버지에게 받았던 집을 날려먹었습니다 보증 잘못서서 빛도 있고요  엄마는 어릴때부터 술만 드시고  매일 술주정에 친아버지가 매달 주시는 양육비도  솔직하게 학창시절 용돈한번 못받았습니다. 근데 엄마는 옛날부터  자기 없었으면 너는 고아라는둥  니가 내 인생을 망쳤다는둥 욕을 하기도 하고  저런 새끼를 왜 낳아서 이런 말을 듣기도했습니다. 반발심으로 엄마랑 매일 싸우고  사고는 크게 치지는 않았지만 18살 이후로 엄마랑같은 식탁에서 밥을 먹은적이 없어요 물론 저도 잘난건 없어요  어릴때부터 나태해서 중고등학교때 공부도 안했습니다. 학원은 커녕 교육에 관심이 없던 엄마의 영향도 있다면 있겠지만 전적으로는 걍 저의 잘못이 커요 꿈도 크게 없었고요  성격도 못나고  친구도 없었고요  중학교때 처음 사귄 여자친구도 애정결핍으로  억압하고 그러다 2개월정도 사귀고 그뒤로 여친경험없어요 21살때는 친아버지가 그렇게 사는거는 아닌거같다며  양육비에다가 재수학원까지 지원해줬지만  나태해서 그런지 결국 실패했습니다. 이러한 경험으로 자기혐오가 너무 심해져서  솔직히 삶의 낙도 없어요 저도 알고있어요  저의 책임이 크다는걸 그리고 엄마랑 사는데 엄마가 사고를 치셔서 군복무동안 모든돈을 다 쏟아넣었고요  이때 엄마가 매일 술먹고 전화오고  정말로 미치는줄 알았습니다. 돈아낄려고 외박외출도 안나가고  휴가때는 가장 비싸게 먹은게 국밥이네요  제가 살아가면서 유일하게 좋아했던  중학교때 첫사랑은 명문대를 졸업하고는  대기업 인턴을 하는데  매일매일 SNS를 봅니다 최근에는 비공개를 돌려놓았지만  그래도 가끔씩 얼굴 떠올리는것만으로도 살겠더라고요 너무 박탈스럽더라고요  저도 행복하고 싶은데  나는 왜이리도 작을까 라는 생각도 하고요  23살에 유일하게 좋아하는게 개나 고양이라서  수의사라는 꿈이 생겨서 수능을 준비하고싶었습니다. 책을 구매하고 2년안에 붙자는 생각으로 공부중이였는데 엄마가 어디가 아프다고 하더라고요  무시할라 했는데 결국 병원비가 필요하다 해서 저 명의로 받을수있는 대출은 전부 해줬습니다. 근데 사실은 엄마가 보험이 있었고  그 보험금을 혼자서 다 해먹었더라고요  결국 저는 23살에 3천정도 빛이 생기고  꿈을 포기하고 알바만 했습니다. 생각하는것도 싫더라고요 미운것도 없고 여기까지 온것도 나의 나태함 때문이기도 해서 결국 빛을 조금씩 갚다가 집에서 자살시도 했습니다. 그 일로 아버지가 빛을 갚아주셔서 빛은 40 0정도 남았지만 아빠도 재혼을 하시고(다른가정) 저를 이제는 케어해주실 맘도 없으시고  솔직히 저도 이제 부탁드리기 죄송합니다. 오로지 엄마탓만 할수있다면 마음이라도 편하겠지만 저의 탓도 있다는걸 저는 알고있습니다. 어떻게 해야할지를 정말로 모르겠습니다. 걍죽고싶어요 이왕이면 엄마도 불행했으면 좋겠어요 무엇을 해야할지 아니 내가 무엇을 할 자격이 있을지 모르겠습니다. 요즘은 백수갤러리 돌아다니면서 저랑 처지가 같은 사람들 보면서 위안받고있어요  그나마 덜 비참하더라고요  어릴때를 회상하면 걍 추억이 없습니다. 친구도 없었고요 20~24살까지는 정말 사람하고 대화한적도 별로없어요 집에서 매일 딸치고 밥먹고 자고 이것만 한거같아요 이제 어떻게 살아야할까요..정말로 모르겠습니다. 걍 죽는게 맞는건지 행복하기 위해 사는게 맞는건지 애초에 나한테 행복을 추구할 가치가 있는건지... 유일하게 그냥 중학교때 그 애밖에 생각이 안나네요  그때 빼고는 기억이라는게 없어요  - dc official App "
724,"
평소에 너내 말 진짜 많잖아근데 진짜 누구 좋아하게 되고 상황상 아직은 티낼 수가 없을때( 예를 들어 좋아하게 된 사람이 애인이 있다던가)그러면 먼저 거리두고 일부러 걔한테 좀 뚝딱..(?)? 이거나 부자연스럽게 행동하게 돼? 평소에 잘 나오던 말이 되게 안나온다던가? 남이랑은 전화 10분씩 막 하는데 그 사람이랑은 3분 하기도 뭔가 힘들다던가..? (대화내용에신경을많이써서)너내는 어떠냐아 물론 활발하고 인기많아서 모든 이성이랑 연락하는 전제하에 "
723,"
정작 상대방이 뭘 말하고 싶은지는 별로 알고 싶어하지 않으면서왜 배려나 소통을 바라는지 이해를 할 수 없어 "
722,"
https://youtu.be/ghy6yMHrUEo이번에는 노보컬 "
721,"
원래 이렇게 단세포적인 유형인가요 ? "
720,"
https://youtu.be/coimBDWPNu0 나~를 보~며 웃어주세요~  "
719,"
인프제갤에서 온 인붕이인데, 여기 갤보고 리젠률에 놀람ㅋㅋ 인싸들이라 그런가?ㅋㅋ 현실 속에서 바삐 사람들과 어울리느라 넷상에선 희귀종ㄷㄷ  - dc official App "
718,"
https://youtu.be/e7kJRGPgvRQ(한글 자막 있음)잇팁은 술 관련 노래 나올 때 소주한잔 이딴 거 드럽게 싫어함 "
717,"
어쩐지 저번에 글 쓰니까 쓰리섬에 집중하더라그럼 니들한테 어울리는 직업은 기자 아니야?근데 엣프제들은 현실에서 나 만나면 안되겠다그냥 이유없이 싫다고 막 하고무표정 존내 하니까.(실은 무표정일 땐 아무 생각 없음) "
716,"
esfj라네 ㅇㅇ "
715,"
https://youtu.be/d0oPe63T6ek부탁해요! 콩콩 여우신님 (한글 자막 있음) "
714,"
안녕히계세요- dc official App "
712,"
가슴 중요부위 가린 그림 있길래내 꼴림은 내가 만든다는 정신으로 존내 일러스트들 참고해서 채색 연습 오지게 해서 탱글탱글 풀컬러 이쁜 가슴 그리고H씬 역식자 작업만 몇 십페이지 한 듯덕분에 때려 죽여도 안하던 일본어랑 채색에도 관심 가지고 있는데서서히 식는 중이다.역시 사람은 욕망이 있어야 발전을 하는 동기가 생기는데할 거 다 하고 나니까 의욕 제로네.잇팁은 이게 단점임. "
707,"
1. 사정이 이렇게 됐으니 미안하다2. 너도 사정 뻔히 알잖아 왜 신경질이야?난 둘 다 뚝배기 깨버리겠지만저 두 개 말고 어떤 멘트를 하는 사람을 발견해서 친하게 지내야 하냐?첨언하자면둘다 똑같이 사람 이용하다 버린 쓰레기인 시츄에이션임. "
706,"
https://youtu.be/G6ZjBPXSmnE "
705,"
3개월간 딱 두개다 시바알..  "
704,"
ESFJ-A  - dc official App "
703,"
노잼드랜드임  여주 빨개벗은 거 노모로 딱 하나만 나옴  "
702,"
창의력이 매우 부족한 유형 ESFJ들은같은 ESFJ끼리 모여도 아무 재미가 없었을 것이다혹시 ESFJ는 반대유형 INTP를 연기하며불건강 INTP로 위장해 MBTI 관련 갤러리를 하며낄낄대는 음습한 취미가 있는 것은 아닐까? "
701,"
완장들이 권력 남용으로 마음에 안드는 글을 다 삭제했을지도 모른다ESFJ는 이중적이라고 잘 알려져 있으며제일 이중적인 유형 INFJ와 달리 외향형이므로인터넷상의 절대권력(매니저 권한)으로 가장 끔찍한 이중인격자의 행보를 보였을지도 모른다그들은 적극적이고 관계를 중시하지만 제멋대로기 때문이다혹시 ESFJ 갤러리에는소통을 하고 싶은 ESFJ 완장(겉모습)과하루에 세 번 갤러리를 감시하고 원치 않는 글을 모두 지우는ESFJ 완장(속마음) 두 얼굴의 한 사람이 있는 게 아닐까 "
700,"
혐오감 때문에 그럼다른 유형들은 ESFJ가 싫어서ESFJ 비난글을 쓸 수도 있는데관심조차 이 유령갤엔 고마워서 타격이 크지 않음그래서 다들 무관심으로 ESFJ를 나쁘게 대하고 있는 거임그리고 ESFJ는 자신의 성격유형에 대한 자기혐오로 갤러리에 들어오지 못하고 있음열심히 살면 고통과 보람으로 자기혐오감을 잊을 수 있게 됨ESFJ는 오프라인에서 활동량을 늘려 다른 유형처럼 돼야만 살아남을 수 있음 그리고 감정을 억눌러야만 함 "
699,"
엣프제 뭐하는 애들인지 알고싶다고 "
698,"
제가 뭐라고 했습니까 흥갤 될거다 말 했죠? 저의 이 직관력 대단하지 않습니까 ^^ https://m.dcinside.com/board/esfj/574?page=4  성지글 포탈^^ "
697,"
뭔가 우리 엣프제 갤에서 봤던 것 같은 익숙한 친구인데 누구라고 특정짓지는 않겠지만 이러면 아저씨한테 혼~나요 ^^ !!잡아다가 엉덩이 마구 때릴거에요 ^^ (스팽킹 ㅗㅜㅑ;;) "
696,"
진짜 딱 외향적으로만 변하면 좋을 거 같은데..엣프제분들 밝은 거 넘 부러움 "
695,"
아무도 안보여서 당황함  "
694,"
갤질좀해라 글의 반이 다른사람이 쓴게 말이됨? "
693,"
말투는 남자인데 "
692,"
이런 유형입니다^^ 그와중에 엣프제는 호감이네  "
690,"
이거아니노?  - dc official App "
1778,
688,"
근데 엣프제들은 왜 말들이 없어요? 아가리가 없어요?? 왜 다 타유형들 밖에 없나요  "
687,"
찾기 힘들거 같다는 생각입니다. "
685,"
저는 잇프피고 가까이서 그냥 친하게만 지내는중 ㅠㅠ성격 밝고 남들 잘 챙겨주고 열심히 살아가는게 너무 멋있음!! "
683,"
어떻게 생각함? "
682,"
  - dc official App "
681,"
https://youtu.be/tYkwziTrv5o데뷔 때 처녀처럼을 부르던 가수는 30년 후 와일드를 찾게 됩니다 "
680,"
난 잇프제고 소개팅녀가 엣프젠데너희들은 어떤 연애가 좋아?너희는 스킨쉽에 대해 보수적이야? "
679,"
싫은데 싫은데 진짜 싫은데귀찮아 죽겠어올라올 것 같다 "
678,"
어떻게 해주면 너네는 좋아?  - dc official App "
676,"
무쓸모네 퉷! "
674,"
https://youtu.be/yFE6qQ3ySXE이거 듣고 개쳐웃었음 "
672,"
인프피 어떻게 생각함?  "
670,"
https://youtu.be/0ZgjmE6xdaw위대한 개츠비 ost "
669,"
가능? "
668,"
1. 사람들이 노무현 짤방 올리면서 밈으로 쓰는 거 싫음?2. 디시 유저들은 입이 거칠어도 위선적이지 않고 괜찮은 사고방식을 가지고 있다고 생각함?3. 좌파, 페미니스트는 아니지만 그 사람들이 말하는 게 좋다고 느낄 때가 많음?4. 우울하고 힘든 사람이 상황을 바꾸지 않고 나불대고 징징대기만 하면 죽빵을 날리고 싶음?5. 화풀이나 재미로 사람 때리거나 언어폭행한 적 있음? "
667,"
카테고리는 또 쓸데 없이 왜 이렇게 많아....? "
666,"
......ㅠㅠㅠㅠㅠ상냥한 친구들 많을 줄 알고 기대하고 왔는데너네 인싸라 밖에 나가 노느라 갤질 안하는 거니..... "
665,"
난 인팁이고여친이 esfj인데~말만하면 웃어..너무 사랑스럽게 날 쳐다바나좀 그만 사랑하라고! "
664,"
https://youtu.be/6p-lDYPR2P8신사는 금발을 좋아해 "
663,"
기분나쁜 말 들었을때 정색하고 따지고싶은데 그냥 웃고 넘기게됨 그리고 집에오면 혼자 존나 빡쳐하고 개싫어ㅠㅠ "
662,"
드디어 이갤에도 분탕이 왔다 기뻐  "
660,"
역시 능지 최하위 "
659,"
분명히 엔프피인줄 알았는데 ENFP               ESFJ  Ne                     Fe  Fi                       Si  Te                      Ne  Si                       Ti 인데 스폰지밥은 Ne 3차기능을 굉장히 많이쓰는 Fe 주기능러 같아  - dc official App "
658,"
또는 선생님  - dc official App "
657,"
집에 붙어있는 꼴을 못 볼 듯 "
656,"
https://youtu.be/11GYvfYjyV0 "
655,"
https://www.youtube.com/watch?v=5af137qi_GM예아  "
653,"
https://youtu.be/booKP974B0k뮤비 보는 맛에 듣는다 "
652,"
https://www.youtube.com/watch?v=x7yPhExdj3E근본  "
650,"
https://youtu.be/2VTxYQL2SbA0:25부터 시작그녀는 우마서먼처럼 춤을 추지 "
649,"
https://youtu.be/GzYSzV7Mltc앞으로는 좀 자중하도록 하겠습니다.아마? "
648,"
잇프제여잔데 너네는 좋아하는 사람한테 티내는 편이야? 먼저 다가가는건 맞는거 같은데 지속적으로 티내?잇프제는 힐끔거리고 다가와주길 기다리고 티는 안내서.. 왜 앞글자만 다른데도 엄청 다르게 느껴지지?ㅠㅠ엣프제는 원래 친절해서 좋아해서 다가오는건지 그냥 친절한건지 구분을 못하겠어 "
647,"
	•	의약품 남용으로 고통받는 사람들 사이에서 잘 표현되지 않음	•	스트레스 해소를 위한 자원이 가장 높은 유형들	•	두 번째로 높은 영적 힘을 믿는다고 보고될 가능성이 높은 유형들	•	보고된 결혼 또는 친밀한 관계에 대한 만족도가 가장 높은 유형	•	대학에 남아 더 공부할 가능성이 가장 높은 유형	•	모든 유형의 경우 동료에게 만족감을 느낄 가능성이 가장 높음	•	업무 가치에는 명확한 구조, 보안 및 타인에게 도움이 될 수 있는 능력이 포함됨	•	직업에 가장 만족하는 유형으로 뽑힘	•	교육, 의료 및 종교 분야의 직업에서 흔히 볼 수 있음 "
646,"
	•	Fi-Fe의 차이는 때때로 Fi 유형(ISFP, INFP, ESFP, ENFP)과 Fe 유형(ESFJ, ENFJ, ISFJ INFJ)간의 의사소통을 불편하게 만든다. IFP는 Fe유형의 진정성에 의문을 품게 될 수도 있는 반면 Fe유형은 IFP가 대인관계와 정서적 공명의식을 더 크게 만들어내기 위해 더 많은 감정을 표현하기를 바란다. •	Fi는 감정 기능임에도 불구하고, 실제로 사회적인 기능이 아니다. Fe 유형(특히 EFJ)은 일반적으로 주변에 있고 사람들과 어울림으로서 자극을 받는다. Fe는 성격적으로 대인관계를 추구한다. 반면에 Fi는 비인격적이다. 그것은 자기 자신과의 관계, 자신의 감정, 취향, 가치관을 포함한다. 따라서 IFP는 피상적인 사교성이 그들의 Fi를 자극하는 데 거의 도움이 되지 않기 때문에 누구와 시간을 보내는지에 대해 더 까다로워지기 쉽다.  "
645,"
학술적으로 ESFJ의 이상적인 관계 유형은 INTP이다. 서로 같은 성격 기능을 지녔으니 성격이 반대되지도 않으며 성격보완이 완벽하게 되는 관계다. ESFJ가 가장 사랑하는 유형으로는 INTP가 꼽히는데 특유의 배려형 개인주의 특성과 창의성, 지적 천재로서의 면이 돋보이기에 애정한다고 한다 "
644,"
ESFJ의 그림자 유형은 ISFP이다. 서로 반대되는 성격 기능을 지녔으며 상대방의 기능을 반대기능&악마기능으로 지니고 있다. 그렇기에 서로는 서로를 혐오하거나 흥미롭게 보지만, 이것은 심리 기능이 모두 반대되는 걸로 보아 위험한 만남을 가져온다. Socionics에서는 이 관계를 반대 관계라고 한다. 이 관계의 실제 사례에서는 비호감이 대부분이다. "
643,"
너희는 빵집 같은 향이 나  - dc official App "
642,"
https://youtu.be/JGwWNGJdvx8이건 너무 유명한데 "
641,"
진짜 미안한데너무싫음진짜 미안하다근데 이 유형들 때메 내인생 망함내가 만난 걔넨 생각도 짧은데 남들이 지들 못알아줘서 안달난 애정결핍 ㅁㅊ냔들이엇음어딜가든 지들한테 시선집중안되면 손톱 물어뜯는 스타일존나 싫다걔네때문에 내인생이 망함 ㄹㅇ로 "
640,"
2월초부터 알게됐고 처음 만난날 먼저 선톡옴  지금까지 하루도 빠짐없이 맨날맨날 카톡함 답도 금방금방해줌 따로만난건 3번정도 근데 문제는 나한테 별 마음이 없어보임ㅠㅠㅅㅂ 그냥 날 정말 편한직장동료1로 생각하는듯  관심있는거 티냈을때는 선긋는것도 느껴졌었음  존나상처받아서 그이후로 티절대안냄 이 유형 사람들은 원래이래?  난 isfp고 찐친 아니면 사람들이랑 연락자체를 안하고지내서(연락을 귀찮아함) 이런타입이 신기함.... 나한텐 아예 기회가 없는거야?ㅠㅠ  "
639,"
어떠신가요 "
638,"
자기도 엣프제라 하고 말하거나 행동하는 거 보면 진성 엣프제인데 요새 좀 우울해해서 옆에서 계속 기분좋은 말 해주고 싶음  "
637,"
https://youtu.be/Nj6IKIPteuE "
636,"
https://youtu.be/24u3NoPvgMw거울보면 흥분해지고싶다. "
635,"
안녕하세요 제가 최근에 언더테일이라는 게임을 했는대샌즈라는 캐릭터가 정의롭고 착해서 정말 멋있어요저도 샌즈와 성격이 비슷하고 가슴속의 정의감이 있거든요그런데 샌즈처럼 강하지 않아서 고민입니다어떡하면 샌즈처럼 강해질수 있을까요??저는 6학년 이충섭이라고하고 누구보다 언더테일을 사랑합니다 차라,가스터에 대한 질문을하시면 답해드리겠습니다그리고 누가 샌즈처럼 강하나요???(착하기만 해선 의미 없습니다) "
633,"
그냥 어디 말할 곳도 없고 답답해서..ㅎㅎ Esfj 상냥하고 다정하고 ㅋㅋㅋㅋㅋ그래서 반해버렸습니다전 여자고.. 고민이 있어서 글 남겨요 아무튼 Esfj 쪽이 친화력이 좋아서 먼저 연락이 와서 연락을 했었어요그러다가 제가 먼저 좋아했고.. 좋아하는거 티냈는데도 다 받아주고 그래서 고백했는데.. 자기는 몰랐대요 ㅋㅋㅋㅋㅋㅋ만나자 하고 전화하고 어떻게 몰라요 그린라이트구만 ㅜㅜ! 그래서 생각정리가 안됐다면서 일주일동안 시간 갖고 드디어 내일 만나기로 했어요그 동안 연락은 뭔가 꾸준히 했다고 말할 수 있을 정도입니다 좋아하는거 막 티냈다가도 뭔가 또 아닌것 같아서 체념하려고 연락 안하고 있으면 먼저 연락도 오고 그랬어요 그냥 복잡해요 성격이 정이 많아 예의상 하는 거란 거 알면서도 기대하게 되고 ..그러네요 엣프제분들 전반적으로 이 상황.. 어떠신가요? 제가 넘 생각이 많은건가 싶네요 .. "
632,"
계정판 지 1년 됐는데 구매했던 디시콘들이 기간 만료 되서 하나 둘 씩 사라지고 있어요 잠시만 아카이브로 쓸게여 ^^                                            "
631,"
근데 너무 멀어 닿기가 어려워  - dc official App "
628,"
1. 엣프제는 사랑스럽다2. 정말로 사랑스럽다3. 너무 좋아서 깨물어주고 싶다크아앙 "
627,"
https://youtu.be/Lp_vbR-uHG4노래나 소개해 dream나의 베품은 정보요 "
1778,
626,"
♥♥♥엣프제 친구 많이 두고싶어♥♥♥하트뿅뿅 "
625,"
좋아  "
623,"
나한테 시간쓰기 싫어서 그런거 맞냐 이거 8ㅅ8마상 오지게 받음.. "
619,"
왜 이렇게 바쁘고 사람이 많냐.... 아싸인 나는 끼어들어갈 틈이 없어 예전에 둘이서만 엄청 친하게 지낼 땐 행복했었는데ㅠㅠ 이젠 짧게 대화하기도 어려워  - dc official App "
618,"
너네 분위기가 상당히 활발하구나 ㅋㅋㅋㅋㅋ  "
617,"
 1년 만났고 헤어진지 3주됐는데 내가 먼저 차고 그 다음날 잡았어. 근데 안받아줬고 2주 전에 연락했을 때도 만나자고 했는데 걔가 못만나겠다고 돌려말함 그 후로 마음정리 존나하고 정리하기 시작했지 나는 속앓이만 존나하는데 3일전에 내가 올렸던 스토리랑 비슷하게 어제 스토리올림 뭐어쩌자는거야이거 다시만나자는거야뭐야 "
615,"
그럼 베풀어도 그런 리액션이 없다거나아니면 그 외에 이용 가치가 없는 취급을 받는다면 어떡할거야?흠.. "
614,"
우리 아빠가 이 유형이야 상냥한 친구들~ "
613,"
놀러왔으니까 놀아주셈 근데 놀아줄사람 없지 알고있음 INTP | 7w6 9w8 4w5 SXSPSCUAI | CACAB | True Neutral "
612,"
난너네가너무조아  "
611,"
대체 왜? "
609,"
질문받아요 "
608,"
부조금 개꿀  "
607,"
자신의 혈액형을 투표   - dc official App "
606,"
엣프제랑 인팁이랑 이상적 관계라는데본인들이 어떻게 생각하는지 궁금해서 물으러 왔어 "
605,"
절친 60%지분의 잇프제니네좋음ㅋㅋ "
604,"
덩치 큰데 악세사리가 케이크라니 너무 귀여워 ㅠㅠ  한 입 먹고싶다 "
603,"
엣프제들 활동 드럽게 안하는데 "
602,"
엣프제가 자기 원리원칙? 같은 거 최대한 양보하면서 들어준 거면 정말 많이 아낀 거야? 그리고 그런 사이였다가 조금 거리감이 생기면(대판 싸운 건 아니고) 다시 전처럼 가까운 사이로 돌아갈 수 있을까?? 친구 한명이랑 저런 상태인데 난 다시 예전처럼 따뜻한 사이로 돌아가고 싶어. 연락을 하면 잘 얘기하긴 하는데 전처럼 가까운 사이라는 느낌은 안 들어서. 내가 노력한다면 다시 잘 지낼 수 있을까 궁금하네.  - dc official App "
601,"
운치있어  "
600,"
딱히 길게 쓰지 않은 글에서도 말 많을 것 같은 티가 난대 ㅋㅋㅋ   "
599,"
말 많은 엣프제가 친구이면 딱 균형이 맞는 것 같아 "
598,"
이런 인간을 좋게 바라봐주는 군자같은 놈들을 생각해보니대부분 ESFJ거나 ISTP더라돌이켜보면 연인으로 가장 깊게 만났던 상대도 ISFJ였음ISTP 이 새기는 비슷한 점이 많아서 편하게 생각해주는 것 같은데ESFJ는 이유를 모르겠다인싸들이라 관대해서 그런 것 같기도 하고하여튼 고맙다 "
597,"
엣프제는 어떤 느낌의 사람을 좋아해? 좀 바르고 단정한 사람??   - dc official App "
596,"
esfj가 좋아서 왔어 esfj에 대해서 궁금한 것도 많고 해서!  - dc official App "
594,"
허..  "
593,"
오늘 엣프제랑 뷔페 갔는데엣푸제 말 들어주다가 뷔페 음식 제대로 다먹지도 못함 "
591,"
ㅋㅋ ㅎㅇ  "
590,"
https://youtu.be/SJY89GLEkcE미미는 왜 날 떠났어 "
588,"
너무 기분이 안 좋아 "
587,"
미미를 좋아한다고 말해줘! "
586,"
간 쓸개 다 빼줄듯 맞춰주는척 해도극단으로 치달으면 정병걸린 극단주의자 됨얕은 관계에선 최고으 친구책임감과 의무감이 요구되는 깊은 관계에선 최악 "
583,"
고등학교 동창인데 검사결과가 엣프제가 나왔네요~ ^^근데 이새끼 본인은 아싸라고 하는데 이거 기만 맞죠?  "
582,"
MBTI 엣프제 나오는 친구인데항상 보면 집 회사 집 회사 집 회사임코시국인걸 감안해도 약속을 아예 안잡던데...?엣프제도 원래 집돌이 집순이 성향이 강한가....? "
580,"
시뻘개지는 볼따구에한 방울 두 방울흘러내리는 "
579,"
내안에공허가채워진다 "
578,"
. "
575,"
착한거니 착한척 가식떠는거냐알다가도 모르겠네 속이 속이 아닌거니?  진짜 미안한데 최신글 몇개만 봐도 개 답답 귀척 이모티콘이나 쓰고ㅎㅎ 연기학원들 다니세요? "
574,"
축하합니다 ! 여러분들은 에이프런 엣프제의 행운을 받았습니다개추를 누르고, 댓글로 ""에이프런 엣프제야 고마워!"" 라고 남기면 당신을 포함한 가족 구성원 모두가 핵인싸가 되고,엣프제갤이 흥갤이 될 것 입니다. "
572,"
ㄹㅇ -우주비행 갤러리 "
571,"
. "
570,"
하하하!! "
569,"
난 잇프제 김신조다  "
568,"
글수가 500여개 밖에 안돼!!! "
567,"
엣프제  인사받아조  "
566,"
N이랑 s랑 51퍼 49 퍼 나오면둘 기질이 다있는건가뭔차이야 "
564,"
내 글에만 대꾸 안하길래새디스트인 줄 알았는데귀찮게 구는 것보단 훨씬 나음 "
562,"
다 좋은데극단적인 상황이 발생해서서로 오해하고 있는 상황과 잘못 알고 있는 정보에 대해서대화를 통해 문제점을 찾고 오해를 풀어서해결하려고 하면 그냥 회피하고 도망침대가리 존나 단순한 거 같고얕게 알면 좋은데 깊은 관계가 되면동등한 관계가 아니라 결국 애새끼 키우는 기분임 "
561,"
애매하게 친했던 후배가 갑자기 카톡 안읽씹하면 무슨 생각 들거같음? 많이 기분나빠하려나- dc official App "
560,"
음..^^?  "
1778,
559,"
평생 다이어트 한 번 안했는데새로운 짝사랑 생기자마자 밥맛 뚝 떨어져서 배달 어플 삭제 고민 중임첫사랑 땜에 내가 왕년에 성적도 반에서 2등까지 올린 사람이다1등은 왜 못했냐면 걔가 해먹었거든 "
557,"
ㅗㅗㅗㅗㅗ "
556,"
하여간 개빡쳐어지간해선 안주고 안받으려고 하는데도방심하다 이렇게 엿먹지 아주 "
555,"
그냥 밥 한번 먹자고 하면 좋다고 하고다른 곳에 놀러 가자 하면 좋다고 하는것 등등뭐 하자고 하면 그냥 다 좋다고 말하는데그냥 사교성이 밝고 사람 좋아하는 댕댕이라서 그런거야..?이성으로 생각을 1도 안하는 거야..?나 그러면 진짜 마음이 찢어질 것 같아 ㅜ "
554,"
향까지 잇팁이냐 ㅅㅂ  "
553,"
학교 에타에 있는 테스트 캐릭터가 esfj같아서 그려봤어요 esfj분들 오늘 하루 잘 버텨주셔셔 감사드리고 내일 즐거운 하루 되세요  "
552,"
차분한데 묘하게 인싸인 그 신비한 느낌이 있음.  이낙연슈퍼주니어 규현워너원 황민현  공식 엣프제라는데 딱 이런 느낌ㅇㅇ 여자는 보통 공적 활동성 좋고 적당히 꾸미는 것까지 잘 함.차분하면서도 머리까지 좋은 엣프제면 그야말로 '배워서 남 챙기자'의 아이콘인데,  이런 엣프제의 특징은 열등기능 내향사고Ti 계발도 어느 정도 돼 핵심을 논리적으로 제깍제깍 설명하며 타인을 챙기면서도 묘하게  마마파파선생님수의사 등 느낌 나는 사람들. 차분하다가도 빠르게 설명/중재하기도 하고 언변이 좋음.또 눈앞에 보이는 모든 사람을 다 습관적으로(?) 공평하게(?) 챙기는 느낌임. 그래서 속내를 모르겠다는 인상도 있는 게 사실.  .. 솔직히 공적인 데에 건강 엣프제가 있음 너무 편함; 너무 편해서 죄책감까지 드는 건 이런 류(차분하고 배워서 남 챙기자 스타일) 엣프제가 유일한듯.  이상 요즘 일터에서 엣프제를 보며 많이 배우는 인팁의 글이었음. "
551,"
 "
550,"
그렇지만 그런 저격도 허용되는 여기는 열린 ESFJ갤이랍니다~  "
549,"
예전에 내향형 친구들이랑 친하게 지냈었는데ESFJ 친구 만나고 밝아지고 긍정적인 에너지 많이 받아서 나도 좋은쪽으로 변한것 같다내가 생각하는 차이점은 내향/외향 제외하고 엣프제들은 사회뉴스나 시사? 이런쪽은 별로 관심이 없는거 같아그거 말고는 진짜 잘 맞고 엣프제들이 너무 잘 받아줘서 좋아 그리고 너무 착해 "
546,"
너무 좋다!  - dc official App "
545,"
스토리에 맨날 ㅇㅇ이가 ㅇㅇ를 줘ㅆ다 ㅠㅠ 정말 감동 ㅠㅠㅠ❤+❤+ 이런거 올라왘ㅋㅋㅋ 물론 나도 맨날 감동먹엌ㅋㅋ케 "
544,"
직관-> 감각이면생각따라 하기보다는 좀더 경험따라 움직이게된건가? "
543,"
제한시간 넉넉하게 7분  "
541,"
ㅇ "
540,"
찌그러진 별 테스트 하면 잇팁과 인팁과 엣팁과 잇티제가 서로 싸우고 있는데 그나마 잇팁이 간신히 이기고 있음다른 엣프제 글 보니까 인팁 남친이 사귀기 전에 자기 취향 다 외우고사귀고 나니까 돌변했단 글이 있던데뭔가 오해가 있는 듯왜냐하면 인팁들은 남을 위해 그렇게 자기를 꾸미는 짓을 절대 안함 "
539,"
충성충성 ^^7  "
538,"
어땠음? "
537,"
맨날 차이는 모솔 ㅠ슬프다 언제 연애하지- dc official App "
536,"
궁금하네  - dc official App "
535,"
반대유형 -우주비행 갤러리 "
534,"
아님 있는데 유형을 모르거나  - dc official App "
533,"
너네 이 시간대에 뭐하니?  - dc official App "
531,"
 "
530,"
에 밈 한 장 올려드림 -우주비행 갤러리 "
529,"
얘가 싫어하는 사람은 인간말종이라고 보면 되나?  "
528,"
보통 너네 의지도 잘 안하는 거 같고 챙겨주는 타입같은데 너네 돈 없어서 여친한테 짐 될 거 같으면 여자친구랑 헤어질거야? "
527,"
E S F J intp  "
526,"
intp여자가. "
521,"
줘 "
520,"
 "
518,"
안녕 친구들아!!  - dc official App "
517,"
아끼지 않은거 보고 놀램ㅋㅋ 명품도 막 사주더라  - dc official App "
516,"
착행ㅎㅎ 난 엥뿌삐  - dc official App "
515,"
오늘 밥 먹기 성공함배부르다 ㅎㅎ- dc official App "
512,"
  "
510,"
얼마 전에 헤어지고 어제 만났음. 손잡고 한시간 걷는데 꿈같더라.걔 말로는 다 잊었다 친구로서 손잡는거다 하지만 진심 담아서 안아주는 모습도 말투도 눈빛도 걔 행동이 아직 날 사랑한다고 하는 것 같아서. 내가 사랑한다고 하니까 나두. 이러더니 빈말이란다... 걔 집안사정이랑 공부때문에 헤어지는 것 같은데 마음 있는걸까 "
508,"
엣프제 사람많은데선 잘노는데 원래 단둘이 있으면 말수가 적어지는편이야? "
505,"
나 istj인데 잇티제에 대한 인식 어떰 "
504,"
|1χ✝ρ_5￦6(539)|-Ni >> Ti > Te > Ne > Se > Si > Fi >>>>>>> Fe |BBACB| |중립악| |sp/so| |우울점액| |남들을 위하는 이타적이고 착한 사람| (R|C|UeN) (-133-)  "
503,"
유형갤은 거의 이용하지도 않고, 눈팅만 1분도 안되게 잠깐 하고 오는 편인데  직접 글 써서 올린 갤은 ESFJ 갤이 유일합니다.엣프제갤은 뭐랄까 분명 아무도 없는데 누군가 지켜보고 있다는게 마치, 공포영화 한 편 보고 혼자 방에 있으면괜히 누가 지켜보고 있는거 같아서 잠 못드는 그런 기분이 든달까요?네 그렇습니다 엣프제 님들은 귀신 같습니다  "
502,"
!??!?!!!?!!!!!!!!!?!?!?!? "
500,"
글 하나씩 쓰고 가십쇼 예?  "
496,"
좋아하는 상대가 ESFJ인데 ㅜ 주변분들은 어찌 생각하시나요!- dc official App "
495,"
ESFJ처럼 행동하다보면 그렇게 될수 있을까요??  "
494,"
나 esfj 친구랑 항상 1대1로 만나는데 이 유형애들은 단체로 만나는걸 좋아한다길래... 실제로도 단체로 놀때 더 재밌게 노는거같기도 당연한 말이겠지만  - dc official App "
492,"
아직 과제 좀 남아서 야식거리가 필요했는데 넘나 좋은 것 ^^나중에 3월 중으로 편의점 갈 일 있음 말해 가벼운 요깃거리 기프티콘 올려줄게  "
491,"
귀여운 분탕 ESFJ 반갈죽을 시작하겠습니다 라고할뻔 ~ 처신 잘하라구  "
489,"
슬프다.. ㅠㅠ- dc official App "
488,"
ㅎㅎ- dc official App "
1778,
487,"
^.^~~  "
482,"
귀여워- dc official App "
481,"
울었다ㅠ |1χ✝ρ_5￦6(539)|-Ti >> Te > Fi > Se > Si > Ne > Ni >>>>>>> Fe |BBACB| |중립악| |sp/so| |우울점액| |남들을 위하는 이타적이고 착한 사람| (R|C|UeN) (-133-)  "
478,"
지나가는 인팁은 부러워서 광광 우럿 ㅠㅠ "
475,"
너네 좋아해  "
474,"
반가워- dc official App "
473,"
|1χ✝ρ_5￦6(539)|-Ti >> Te > Fi > Se > Si > Ne > Ni >>>>>>> Fe |BBACB| |중립악| |sp/so| |우울점액| |남들을 위하는 이타적이고 착한 사람| (R|C|UeN) (-133-)  "
472,"
ㅗㅗㅗㅗㅗㅗ "
470,"
지난 16일 ESFJ 갤러리와 심리테스트 마이너 갤러리가 자매혈연협약을 체결 하였다.이날 협약은 '친선도모' 그리고 '너죽고 나죽자'는 물귀신 정신을 바탕으로,심리테스트 갤과 ESFJ 갤러리의 활발한 교류와 더불어 갤러리의 발전, 리젠 활성화를 할 수 있도록 상호 교류를 지속하고, 사랑나눔을 실천하기 위한 내용이 담겨져 있다.또한, ESFJ 갤러리의 부흥을 위한 자세한 협약 내용에는1. 닉언 허용2. 저격 쌉가능3. 번호 교환 가능4. 완장 끌어내리기, 쿠데타 허용5. 친목 가능등 여러가지 내용을 포함하고 있어ESFJ 갤러리의 발전에 이바지 할 수 있을 것이란 전망을 내보이고 있다. "
469,"
흠- dc official App "
468,"
Esfj 나혼자임?- dc official App "
467,"
|1χ✝ρ_5￦6(539)|-Te >> Ni > Ti > Ne > Si > Fi > Se >>>>>>> Fe |BBACB| |중립악| |sp/so| |우울점액| |남들을 위하는 이타적이고 착한 사람| (R|C|UeN) (-133-)  "
465,"
ㅎ "
461,"
엣프제는 다들 잘지내고 있나보다.후후후후흐 "
460,"
떠나고싶어 "
459,"
|1χ✝ρ_5￦6(539)|-Ti > Te = Fi > Se > Si > Ni = Ne >>>>>>>>>>>>>>>>> Fe |BBACB| |중립악| |sp/so| |우울점액| |남들을 위하는 이타적이고 착한 사람| (R|C|UeN) (-133-)  "
458,"
제목만 보고 답변해줘도 좋음.ㅡ내가 볼 때 짜가 말고 선천적 esfj는 불건강해도 사람이 감정을 바로 말해주고 피드백이 돼서  = 즉 읽기 쉽게 해주고 대화가 돼서Enfj 옆동네답게 사람이 그래 일반적인 착하다는 평에 가장 부합한다 보거든.  근데 너네랑 e/i 하나 차이인 isfj는.. 사회생활하는 경우고 불건강하면 웬만하면 꼰대더라..;  예를 들어 isfj가 그냥 보기엔 어르신들 앞에서 예의바르다는 이미지인데  그건 윗사람 한정이고 대부분 직급/계급이 자기보다 한참 아래면 어르신이 뭐 물어봐도 표정에서 경멸하는 티나거나 피해버리고 ㅋㅋㅋㅋ...  Esfj는 습관적으로 눈앞에 보이는 사람들 다 챙기고 거기서 뿌듯해 하는 것 같은데 isfj는 안그런 것 같음. Esfj는 공동이익과 평화 챙기려 투명성이 강한 반면 isfj는 자기 안전이 중요해서 딱 사회적 기준에만 맞추고 나머지엔 오히려 예민한/배타적/폐쇄적인 기색이 보임. Esfj 코스프레를 하려 하는데 보다보면 아닌 거 티남. Isfj가 esfj보다 훨씬 계산적이고 사람에게 관대하지 못함.또 isfj는 좀 얕보면 가장 골치 아프게 뒷담 까기 쉬운 것 같고.. 일거수일투족 지켜보고 있으면서 앞에선 표정으로만 살벌하게 굴고 그렇다고 직접 말은 않는 특징이 보임. 겉으론 예절 챙기나 실상은 날라리인 isfp랑 비슷해 보임.  Esfj는 답답해서 말을 먼저 나름 핵심만 시원시원하게 해주니 상대하기에 훨씬 수월한데 isfj는.. Esfj랑 isfj가 닮았는지는 타유형인 내가 보기엔 진짜 잘 모르겠다.관찰한 바에 따르면 esfj 가장 큰 특징은 만인에게 잘 해주려 하고 잔소리 좀 해도 혼내는 본인 마음도 안좋은 게 보이거든. 정말 신기하게 빠릿빠릿한데 표정이 실시간으로 자연스럽게 드러남;; mbti상 esfj처럼 주기능 Fe인 enfj도 비슷.  근데 isfj는 e를 아무리 키워도 esfj랑은 좀 많이 다른듯 보여. 말할 때 에둘러 하고 자신의 생각이나 취향이란 게 있어도 없어 보이고 싶어 하는 것 같고. 타유형인 내가 보기에도 그러니.. 아마 esfj 스스로도 isfj랑 많이 다르다 느끼는 부분이 있을 것 같기도 한데,Esfj가 실제로 느끼는 isfj와 esfj의 차이점과 공통점은 뭐라고 보는지 알 수 있을까?  "
457,"
?엣프제 여성분들 보통적인? 일반적인? 특징이 따로 있을까?직장에 있는 엣프제여성분 짝사랑 중인데 다가갈 때 주의할 점이나 이런 게 있나 모르겠네 ㅎ솔직히 카톡도 많이 하고 싶은데 회사에서 거진 대부분(업무적인건 당연하고 일상적인 것들)을 다 이야기 하니까 카톡으로는 할 말이 없다는 게 함정..뭔가 카톡도 하면서 좀 더 다가가고 싶은데 카톡으로 할 말이 없으니 이거 원.. ㅋㅋㅋ그리고 자기한테 관심 가져주고 챙겨주면 좋아해? 이게 정말 한 끗 차이로 그 사람한텐 부담으로 느껴 질 수도 있는 거자나? 어느 정도 적정선이 좋을지...또 나는 나름 그 사람 챙겨준다고 하는 거 같긴 한데 이게 그 사람한테 티가 안나는거아닌가라는 생각도 들기 시작함...ㅋㅋㅋㅋㅋ짝사랑 좋은데 너무 힘들다....ㅠㅠㅠㅠㅠㅠ 너무 주저리 주저리 이야기하긴 했는데3줄요약하면1. ESFJ 여성들의 보편적인? 특징2. 다가갈땐 어떻게 다가가는게 좋을지...?3. 자기한테 관심 가져주고 챙겨주면 좋아해? "
456,"
왤케 ㅍ피공하지 밬커스 어딧냐 |1χ✝ρ_5￦6(539)|-Ti > Te = Fi > Se > Si > Ni = Ne >>>>>>>>>>>>>>>>> Fe |BBACB| |중립악| |sp/so| |우울점액| |남들을 위하는 이타적이고 착한 사람| (R|C|UeN) (-133-)  "
455,"
여기는 출석부냐? "
454,"
ㅇㅇ "
453,"
계속 지나가겠습니다^^ "
452,"
ㅇㅇ? "
449,"
|1χ✝ρ_5￦6(539)|-Ti > Te = Fi > Se > Si > Ni = Ne >>>>>>>>>>>>>>>>> Fe |BBACB| |중립악| |sp/so| |우울점액| |남들을 위하는 이타적이고 착한 사람| (R|C|UeN) (-133-)  "
446,"
+개학 3일차 에잉 ㅅㅂ |1χ✝ρ_5￦6(539)|-Ti > Te = Fi > Se > Si > Ni = Ne >>>>>>>>>>>>>>>>> Fe |BBACB| |중립악| |sp/so| |우울점액| |남들을 위하는 이타적이고 착한 사람| (R|C|UeN) (-133-)  "
444,"
라 써글  "
443,"
차분하면서 시끌시끌한 친구들  - dc official App "
440,"
늦어서 미안해 알고보니 내 친구중 하나가 엣티제였음 ㄷㄷ |1$✝ρ_5￦6(539)|-Ti > Te = Fi > Se > Si > Ni = Ne >>>>>>>>>>>>>>>>> Fe |BBACB| |중립악| |sp/so| |우울점액| |남들을 위하는 이타적이고 착한 사람| (R|C|UeN) (-133-)  "
439,"
슬프네  "
435,"
엣프제들..오늘도 잘 살고있나보군  - dc official App "
433,"
https://www.youtube.com/watch?v=K3Qzzggn--s엣프제는 착 해 ! |1$✝ρ_5￦6(539)|-Ti > Te = Fi > Se > Si > Ni = Ne >>>>>>>>>>>>>>>>> Fe |BBACB| |중립악| |sp/so| |우울점액| |남들을 위하는 이타적이고 착한 사람| (R|C|UeN) (-133-)  "
432,"
엣프제는 착해 |1$✝ρ_5￦6(539)|-Ti > Te = Fi > Se > Si > Ni = Ne >>>>>>>>>>>>>>>>> Fe |BBACB| |중립악| |sp/so| |우울점액| |남들을 위하는 이타적이고 착한 사람| (R|C|UeN) (-133-)  "
431,"
앙죠 글앙죠 마법으러 빛나는 그랑죠  - dc official App "
430,"
하루에 글이 열개이상 달리면 갤러리가 오체분시된다고? "
429,"
저는 인팁이에요! 기여운 엣프제 친구들 너무착해  - dc official App "
428,"
전 폴바셋 라떼를 조아해요  - dc official App "
427,"
https://youtu.be/83XUZw8Q-iMhttps://youtu.be/_peCkJKeET8https://youtu.be/-dMVjiT8Kik엣프제분들은 어떤 취향일까아 사람없어서 댓글도 없으려나써놓고 나중에 기억나면 확인하러 와야겠다  "
425,"
써라 글  "
424,"
한없이 약한 좆밥민국에 태어난 너네의 기구한 운명을탓해라 좆깨어 모르면 인구청소 당할때 같이 간다 영어도 마찬가지  - dc official App "
422,"
계속 먼저 말하는 건 싫어하지?내가 I 성향이라 나는 들어주고 리액션 해 주는게 사실 편한데매일 같이 다니는 사람이랑 이야기 하다 보면 항상 그분이 먼저 이야기를 꺼내긴 함..근데 느낌은 어색한 분위기 없앨려고 말을 먼저 꺼내는 거 같은데... 나도 나름 리액션과 격한 반응을 해주지만 한 주제로 길게 이야기가 이어 지는 게 아니라 단편적으로 뚝뚝 끊김나도 내얘기좀 잘 했으면 좋겠다 아휴 진짜 ㅠ "
417,"
엣프제 ㅎㅇㅎㅇ  왠지 에니어 2유형이나 9유형이 많을거 같은 친구들  "
415,"
사람이 없음 당연한것  "
414,"
^☆^  "
412,"
n이랑s, a랑t 거의 차이 안남 ㅋㅋ  - dc official App "
411,"
그렇다  "
407,"
뭔가 보고있으면 카피바라가 떠오름ㅇㅇ 편안함  왠지 그자리에 그대로 있을거 같은 편안함이야  "
406,"
아무도 안계시는데 무인마켓 아니죠?  "
405,"
인싸친구들 ㅎㅇ  "
404,"
엣프제.......화이팅 |1$✝ρ_5￦6(539)|-Se > Te> Ti = Fi > Si> Ne = Ni>>>>>>>>>>>>>>>>> Fe |BBACB| |중립악| |sp/so| |우울점액| |남들을 위하는 이타적이고 착한 사람| (R|C|UeN) (-133-)  "
403,"
내용  "
1778,
402,"
예뿌제  - dc official App "
400,"
진짜 너무 궁금해서 물어봄 백번을 해봐도 istj로 나오는 사람인데 이 글 쓰기까지도 일주일 넘게 고민하다가.. 올려봄남친이 esfj이고난 기본적으로 연락을 안함 진짜 안함 물론 오면.. 보긴 하는데출근하면 카톡 아예 안읽음 물론 출근 퇴근 한다고 말 하긴 함.. 퇴근하고 집에오면 기력 딸려서 아무말도 하고 싶지가 않음통화도 거의 안함 내가 전화 먼저 건적 최근 2년 다섯번도 안될듯내가 궁금한건 이거 혹시 상처가 많이 될까집에만 있고 집-운동-출근-집 밖에 안하는 사람이긴 한데난 엄청나게 내향적인 내가 많이 노력하는거거든근데 esfj도 사실 날 위해 이걸 맞춰주고 있는걸까? 아님 사실 별 생각 없을까왜 남친한테 직접 안 물어보냐면 맞아 서운했어 라고 말하면 나도 내 나름 노력하는거라고 말을 해야하는데그 말을 하기가 너무 싫어서.. "
397,"
이제 고3인데 다들 어떤식으로 공부하셨나요 ㅜ  - dc official App "
394,"
나까지 착해지는 기분이야 흐애앵 "
393,"
의심되는넘 한 명 있어서 물어봄 |1$✝ρ_5￦6(539)|-Se > Te> Ti = Fi > Si> Ne = Ni>>>>>>>>>>>>>>>>> Fe |BBACB| |중립악| |sp/so| |우울점액| |남들을 위하는 이타적이고 착한 사람| (R|C|UeN) (-133-)  "
389,"
애들아 나 연애한다. 축하해줘라.매번 날 좋아하는 남자애들은 많았는데, 기별도 안가서 안쳐다 봤는데.이상형 찾았는데 까였는데, 10번 찍어 안넘어가는 나무 없다 생각하고 들이댔다.나 연애해 ...눈물 주륵- dc official App "
387,"
https://www.youtube.com/watch?v=KOOhPfMbuIQ지듣노 |1$✝ρ_5￦6(539)|-Se > Te> Ti = Fi > Si> Ne = Ni>>>>>>>>>>>>>>>>> Fe |BBACB| |중립악| |sp/so| |우울점액| |남들을 위하는 이타적이고 착한 사람| (R|C|UeN) (-133-)  "
386,"
2021년 엣프제갤의 경사를 축하해주러 왔습니다 - 엔프피 외교사절단 -  "
384,"
대단하다 엣프제갤!!! |1$✝ρ_5￦6(539)|-Se > Te> Ti = Fi > Si> Ne = Ni>>>>>>>>>>>>>>>>> Fe |BBACB| |중립악| |sp/so| |우울점액| |남들을 위하는 이타적이고 착한 사람| (R|C|UeN) (-133-)  "
382,"
다른 갤러리들 특히 I로 시작하는데에는 별의별게 다있던데 ㅋㅋㅋ "
380,"
ESFJ 덕분에 어두운 삶에 희망을 가지고 살 수 있게 됐다.서로 비슷한 부분도 많고 허물없이 이야기도 나누고 사랑스럽다는 말이 참 잘 어울림고맙습니다.ISFJ 올림 "
379,"
근데 인싸들이라 인구 자체가 없는듯 아 "
376,"
나는 속으로는 다르게 생각해도 기분 상할까봐 잘 들어주고 공감해주는 편인데점점 나한테 연락하는 목적이 징징대기가 아닐까 하는 생각이 들곤함날 좋아한다고 하긴 하는데 이게 맞는건가 잘 모르겠음 "
375,"
개학의 시즌이 다가온다;; 아 나는 직장인 ^^  - dc official App "
374,"
https://m.dcinside.com/board/intj/17039https://m.dcinside.com/board/intj/17045댓글쓰는데 방금전까진 없던 코드 생김왜 코드생겼냐고 글쓰니 삭제시키고 왜 삭제시키냐고 글쓰니 또 삭제시킴다른 사람이 쓴 글도 삭제시킴그리고 차단대체 무슨 사유로?완장찬놈 같은 INTJ가 맞나 의심스러울 정도로 폐쇄적이네INTJ 갤이 불평불만짜증 글만 가득한데는 저놈도 한몫하는 듯 "
373,"
궁금하군요.. ESFJ인 여성분께는 어떻게 다가가는게 연인될 확률이 높은건가여초인싸 ESFJ분들 계시면 알려주세요 ㅠㅠ "
372,"
달려들어서 어지럽혀주고 싶다기웃기웃 "
371,"
 "
370,"
썸녀가 esfj인데 서로 연락텀이 하루~3일이거든선톡은 번갈아가면서 하고있고 선톡하면 거의 칼답인 편인데잇프제입장에서 상대가 어떻게 카톡해야 호감을 느껴?선톡을 자주 하는게 좋은건지 지금처럼 하는게 좋은건지 모르겠다 "
369,"
우리 아빠가 esfj더라 lg전자 연구원 30년 되어가시는데   "
368,"
궁금해요!  - dc official App "
367,"
떠다니는거 주워옴 "
366,"
2,3번은 본죽만 먹음  여자면 2번 성별반대  "
365,"
esfj 친구들 모두 평온한 밤 보내길 바래  "
364,"
. "
363,"
esfp인데 우리 갤보다 조용할줄은 몰랐네하긴 갤질 할 시간에 효율적인 다른 일을 할애들 "
362,"
친구한테보통 연락 먼저하는 편 ? "
361,"
다썰었노 "
359,"
잇팁이랑 궁합 쩐다는데 ㄹㅇ임? "
358,"
글젠​ ​대단하다​! |1$✝ρ_5￦6(539)|-Se > Te> Ti = Fi > Si> Ne = Ni>>>>>>>>>>>>>>>>> Fe |BBACB| |중립악| |sp/so| |우울점액| |남들을 위하는 이타적이고 착한 사람| (R|C|UeN) (-133-)  "
357,"
 "
355,"
 투표부탁  - dc official App "
354,"
혹시 있나하고 쳐봤는데 갤있길래 신나서 구경해써이제 자주와야지 "
353,"
견딜 수 있어? 아님 타유형보다 힘든편이라고 생각해? "
352,"
사실 번호가 등록안되있어서...안받고문자보니까 잘지내나해서 연락했다해서톡추가하니까 그친구였음.엄청 반갑고 지금도 문자보며 웃고있음,잔소리대마왕 잔소리도안하고.서로 열심히살다보면 만나지않겠냐는데,너와 만남을 위해 열심히 살아주지! "
351,"
 "
350,"
세모 = 때에 따라 다른  왼쪽 상단부터  1. 아이들 좋아함 = 적당히 활동적이어야지 좋아함  걍 어린애들도 성격 타는듯  2. 통일성 보다는 다양성선호  전공과 관련있는데 첫 아이디에이션 단계에서는 다양한 의견을 수렴하는것을 좋아하지만 나중에 정리하고 결과 도출시에는 통일성에 가까운것을 선호함  3.칭찬 자판기 같이다니는 애들이 씹남초라 그런지 영향받아서 첫 리액션에 오 좀 치는데 는 있지만 바로 욕박음  4.외모를 잘 꾸밈  평소를 말하는거라면 x  이 또한 전공과 관련 지어서  사흘에 10시간 잘까말까한 과제량인데 굳이 통학시간 편도로 1시간인 곳을 꾸며서 가야하나...  필요성과 편의성 따져서 옷과 매무새를 정하는편  5. 항상 현실/룰을 중요시함  이건 그냥 내가 지금 현타와서 현실잊고  인방으로 하루 때움  표시하지 않은것  마찬가지로 왼쪽 상단부터  1. 표정이 밝은편  피지컬이 밝지못한 편  웃고 다니란 소리 많이들음  복학당시 무서워했던 후배 복학생들이 10중 8 명 ㅋㅋ 2. 가족여행 좋아함  재밌는 가족이라면  사이가 안좋은건 아니고 재밌는 가족은 아님 3.속단하는 경향이있음  한번 속단하다가 데인후로 사람은 5번은 본다  "
349,"
토 붸엑 하고 해장 들큰하게 하니까 좀 나아졌네  "
348,"
 "
347,"
심리테스트갤가면 대충 번역해놓은 거 있음  "
345,"
나 일단 잇팁임 어디서 보고온 사랑해 사랑헤< 이드립을 하질않나 잔다하니까 자기 꿈 꾸라고함 쨋든 자꾸 플러팅 날리는데 이거 호감맞지  - dc official App "
343,"
이번에 영문판 질문이 조금 바뀌었다길래 검사해봤는데 엔프제에서 엣프제로 바꼈습니다 ㅎㅎ  - dc official App "
342,"
내가 아는 엣프제는 24시간이 모자란 씹인싸인데 "
341,"
난 영문판 엣프제임한글판은 잇팁 "
340,"
요즘 해찍으러 다니는재미 쏠쏠  "
339,"
esfj 화풀어주려면 어떻게해야댐?ㅠ "
338,"
ESFJ-A잘맞았던 전남친 isfj 였는데그 영향이 큰가봐그대로 나오넵 "
337,"
오랜만에 와봤어  - dc official App "
336,"
어제보다 추운듯 ㄷㄷㄷㄷ  "
335,"
https://www.youtube.com/watch?v=lMKFnuRiqsg쉿울지마나의작은아기고양이  "
1778,
333,"
아침산책은 새롭워  "
332,"
엣프제 존나 착하고 친절함. 주변에 친구많은데 하는짓보면 친구 많을만함. 힘들때 옆에서 다독여주는데 엄청 잘달래줌. 사람 안속임, 잘믿음. Sf중 공감능력이 뛰어남. 대충 이렇게봄. 단점은 의외로 상처 잘받는거, 사람 너무 믿는거같음 "
331,"
자기가 esfj라고함 근데 나도 esfj임근데, 같이 일하면서 되게 얌체같은 면이 자주 보임.병원에서 일하는 거라, 서로 업무를 돌아가면서 보고 있음.내가 발열체크를 하면 그 사람은 그 다른 업무를 맡아야하는 데.허리가 아프다면서 자기 의사 선생님이 50분에 한번씩 산책을 하라고 했다고 함.-> 내가 싫어서 이 점에 대해서는 이미 안 좋게 보임.걍 농땡이 치는 기분임.근데 어제 일이 제대로 한건 터져버림.실장님이 퇴근을 하라고 말씀을 하셨는데, 내가 다른 선생님들이랑 대화하고 있던 터라, 실장님이 우리 선생님들이랑 대화하면서 나도 퇴근하라고 했었다고 생각하고 지 혼자 퇴근을 한거임.근데 나는 퇴근하라는 말씀을 실장님께 들은 적이 없어서, 계속 대기를 탐.카톡으로 내가 어디냐고 물으니, 집에 왔다는 거임.그래서 왜 퇴근을 했냐니까, 실장님이 퇴근하라고 했었기 때문이라는 거임.근데 원래 나랑 이분이 같이 퇴근을 하는 데, 실장님도 우리 맨날 같이 퇴근을 시켜주는 것도 지도 알면서 나를 두고 갔다는 거임.내가 저번에 먼저 퇴근했던 적이 있었는데, 그때는 그 사람이 다른 선생님 업무를 봐주고 있던 터라 먼저 퇴근을 한건데.나보고 의리 없네 뭐네 하면서 먼저 퇴근 왜 하냐고 ㄹㅇ 나를 무슨 배신자 마냥 취급함.어제의 나는 일도 없는데, 걍 대기만 하고 있었는데도 나 엿먹어봐라 이런 관점으로 밖에 안보이는 데.카톡으로 내가 따지니, 암말도 못하고 사과하다가 갑자기 내가 베라 아이스크림을 좋아한다는 걸 알아서 지가 깊콘을 보냄.하지만 나는  그 카톡 아직도 안봄. 기분 더러워서.니들 눈엔 어때보이니 ..?- dc official App "
330,"
^^,, 속상하구먼 ,,- dc official App "
327,"
 "
326,"
퍼스널 컬러 이거나옴  "
324,"
꽃 - 샤스타데이지 퍼스널 - 바닐라 아이스 너네도 나왔니?  - dc official App "
323,"
밖에 나가기 좋은 날씨  "
322,"
ㅎㅇㅎㅇ  "
321,"
esfj 친구들 내일 하루도 모든 일이 순탄하게 잘 풀리는 날이 되길 바래  "
320,"
다음 갤은 어디?  "
319,"
다른갤에서 esfj라고 하길래 왔어 나도 걔도 남자임  사교적이고 친구 개 많은데 깊은친구 안깊은친구 명확함  집단활동에서 나서지않음, 자기 일처리는 확실함  말 안해도 알아서 대화 이끌어 감  절대 안 찡찡대는데 감정적이고 상처는 잘 받음  자기 사람한텐  정 많고 존나 잘 챙김 소유욕도 있음  안 친한사람이나 일처리는 이성적임  자신에게 엄격,  계획적이고  잘 지킴  자기사람한테 기준이 있음 어떤건 엄격 어떤건 프리함  일상 애기 존나 많이 함  별걸 다 신경쓰고 예민함 피곤하게 산다는 느낌  지 힘든애기 가끔함, 딱히 해결책이나 공감을 바라는건  아닌 것 같고 걍 들어주면 끝임 알아서 해결하는 편  자기사람한텐 직설적인거 자제하고 돌려말함  근데 다신 안볼새끼나 안 친한 새끼한텐 직설적 ,  씩씩대며 논리로 받아치며 싸우는 경우도 봤음  덩치큰 185인데 여성적인말투  애인마냥 연락에  심하게 집착함  <이것땜에 손절  유명 가수(아이돌x) 콘서트 엄청 다님 코로나전까지  덕질에 누적 몇천 쏟음  덕질하는 가수도 남자인데 게이는 아님  원나잇경험, 연애경험 있음  이정도? mbti 뭐 같음?  난istp이고 그친구 매우 좋은사람이라 생각  안맞아서 손절 한 거지   "
317,"
그니깐 글좀써..  "
316,"
 "
315,"
평소에 솔직한 편이야? 아님 선의의 거짓말을 좀 하는 편이야? "
314,"
진심으로 금 원하는거임? "
